step,loss,batch_accuracy,wall_clock_s
0,2.6288,0.031,0.01
10,2.6972,0.031,0.03
20,2.4931,0.062,0.05
30,2.4379,0.062,0.07
40,2.3706,0.094,0.09
50,2.3489,0.094,0.11
60,2.3121,0.094,0.13
70,2.2587,0.094,0.15
80,2.1839,0.156,0.17
90,2.1442,0.156,0.19
100,2.0994,0.219,0.21
110,2.0875,0.25,0.23
120,2.061,0.281,0.25
130,2.0457,0.219,0.27
140,2.0202,0.219,0.29
150,1.9971,0.219,0.31
160,1.9738,0.188,0.33
170,1.9894,0.281,0.35
180,1.9284,0.281,0.37
190,1.91,0.375,0.38
200,1.8867,0.344,0.4
210,1.8612,0.344,0.42
220,1.8401,0.344,0.44
230,2.0567,0.281,0.46
240,1.7862,0.344,0.48
250,1.7663,0.344,0.5
260,1.7604,0.344,0.52
270,1.7407,0.344,0.54
280,1.7262,0.344,0.56
290,1.7025,0.344,0.58
300,2.1942,0.25,0.6
310,1.6888,0.375,0.62
320,1.7524,0.344,0.64
330,1.6608,0.344,0.66
340,1.5977,0.375,0.68
350,1.5922,0.375,0.7
360,1.6075,0.406,0.72
370,1.5538,0.406,0.73
380,1.5687,0.375,0.75
390,1.5382,0.375,0.77
400,1.5276,0.375,0.79
410,1.568,0.375,0.81
420,1.5573,0.438,0.83
430,1.5142,0.406,0.85
440,1.4928,0.375,0.87
450,1.4881,0.438,0.89
460,1.4735,0.438,0.91
470,1.5539,0.406,0.93
480,1.505,0.469,0.95
490,1.4586,0.438,0.97
500,1.4402,0.5,0.98
510,1.4008,0.531,1.0
520,1.4454,0.5,1.02
530,1.3895,0.406,1.04
540,1.915,0.344,1.06
550,1.835,0.344,1.08
560,1.3452,0.5,1.1
570,1.3914,0.5,1.12
580,1.4221,0.531,1.14
590,1.5576,0.5,1.16
600,1.3037,0.469,1.18
610,1.3005,0.469,1.2
620,1.3684,0.531,1.22
630,1.2554,0.562,1.24
640,1.2617,0.531,1.26
650,1.4315,0.5,1.28
660,1.2502,0.562,1.3
670,1.2073,0.594,1.31
680,1.3172,0.5,1.33
690,1.3313,0.531,1.35
700,1.1889,0.656,1.37
710,1.205,0.594,1.39
720,1.1907,0.594,1.41
730,1.2686,0.594,1.43
740,1.2063,0.594,1.45
750,1.1634,0.656,1.47
760,1.1818,0.594,1.49
770,1.11,0.562,1.51
780,1.095,0.688,1.53
790,1.1531,0.625,1.55
800,1.1177,0.625,1.65
810,1.5485,0.469,1.67
820,1.0518,0.656,1.69
830,1.0476,0.656,1.71
840,1.0815,0.625,1.73
850,1.0945,0.625,1.75
860,1.1355,0.531,1.77
870,1.2146,0.5,1.79
880,1.04,0.656,1.81
890,1.43,0.438,1.83
900,1.4302,0.5,1.85
910,1.3936,0.562,1.87
920,1.3486,0.531,1.89
930,1.2921,0.562,1.9
940,1.3475,0.531,1.92
950,1.2956,0.5,1.94
960,1.4056,0.5,1.96
970,1.1493,0.594,1.98
980,1.1479,0.594,2.0
990,1.1194,0.594,2.02
1000,2.2535,0.344,2.04
1010,1.4582,0.469,2.06
1020,1.2899,0.5,2.08
1030,1.0934,0.594,2.1
1040,1.0442,0.625,2.12
1050,1.0414,0.625,2.14
1060,1.583,0.375,2.16
1070,1.1891,0.625,2.18
1080,1.0092,0.625,2.2
1090,0.9917,0.656,2.21
1100,0.9689,0.656,2.23
1110,1.2049,0.562,2.25
1120,1.0806,0.656,2.27
1130,1.1781,0.562,2.29
1140,0.9119,0.656,2.31
1150,1.0232,0.594,2.33
1160,1.066,0.594,2.35
1170,1.6933,0.5,2.37
1180,1.0284,0.625,2.39
1190,0.976,0.688,2.41
1200,0.9852,0.75,2.43
1210,2.6173,0.25,2.45
1220,0.9975,0.75,2.47
1230,0.9363,0.719,2.49
1240,0.9408,0.719,2.51
1250,0.9362,0.719,2.53
1260,0.9048,0.719,2.54
1270,0.886,0.75,2.56
1280,0.931,0.688,2.58
1290,0.995,0.656,2.6
1300,0.8078,0.719,2.62
1310,0.8515,0.75,2.64
1320,0.793,0.75,2.66
1330,0.8029,0.719,2.68
1340,0.8183,0.75,2.7
1350,1.0758,0.594,2.72
1360,0.8383,0.719,2.74
1370,1.0023,0.656,2.76
1380,0.9355,0.719,2.78
1390,0.8415,0.75,2.8
1400,0.8447,0.75,2.82
1410,0.7049,0.75,2.84
1420,0.7043,0.75,2.86
1430,0.7377,0.719,2.88
1440,0.7181,0.75,2.89
1450,0.673,0.75,2.91
1460,0.696,0.75,2.93
1470,0.6674,0.75,2.95
1480,0.705,0.75,2.97
1490,0.6377,0.781,2.99
1500,0.6984,0.781,3.01
1510,0.6365,0.781,3.03
1520,0.6246,0.844,3.05
1530,0.6192,0.844,3.07
1540,0.6088,0.812,3.09
1550,0.6241,0.844,3.11
1560,0.6375,0.812,3.13
1570,0.5876,0.875,3.15
1580,1.0991,0.625,3.17
1590,2.4526,0.219,3.19
1600,1.826,0.5,3.21
1610,2.5746,0.281,3.23
1620,0.9526,0.688,3.24
1630,0.8015,0.781,3.26
1640,1.0798,0.656,3.28
1650,0.7782,0.75,3.3
1660,0.7033,0.75,3.32
1670,0.6895,0.75,3.34
1680,0.7201,0.781,3.36
1690,0.8348,0.719,3.38
1700,0.6646,0.781,3.4
1710,0.5782,0.812,3.42
1720,0.5637,0.844,3.44
1730,0.5566,0.906,3.46
1740,0.5475,0.906,3.48
1750,0.5438,0.906,3.49
1760,0.5328,0.906,3.51
1770,1.5213,0.5,3.53
1780,0.5402,0.906,3.55
1790,0.5281,0.906,3.57
1800,0.5236,0.906,3.59
1810,0.5173,0.906,3.61
1820,0.5107,0.906,3.63
1830,1.168,0.469,3.65
1840,0.5378,0.812,3.67
1850,0.5211,0.875,3.69
1860,0.5105,0.906,3.71
1870,0.5051,0.906,3.73
1880,0.4992,0.906,3.75
1890,0.4937,0.906,3.77
1900,0.4886,0.906,3.79
1910,0.4836,0.906,3.81
1920,0.4786,0.906,3.82
1930,0.4844,0.906,3.84
1940,0.4769,0.906,3.86
1950,0.7728,0.625,3.88
1960,1.1528,0.656,3.9
1970,0.4827,0.906,3.92
1980,0.4634,0.906,3.94
1990,0.4741,0.906,3.96
2000,0.4617,0.906,3.98
2010,0.4542,0.906,4.0
2020,0.4495,0.906,4.02
2030,0.4414,0.906,4.04
2040,0.4345,0.906,4.06
2050,0.434,0.906,4.08
2060,0.5097,0.844,4.1
2070,0.4283,0.906,4.12
2080,0.4169,0.906,4.14
2090,0.414,0.906,4.16
2100,0.4255,0.906,4.18
2110,0.4146,0.906,4.2
2120,0.4563,0.875,4.22
2130,0.402,0.906,4.24
2140,0.5457,0.812,4.25
2150,0.3976,0.906,4.27
2160,0.3873,0.906,4.29
2170,0.3933,0.906,4.31
2180,0.3911,0.906,4.33
2190,0.3879,0.906,4.35
2200,0.3734,0.906,4.37
2210,0.3711,0.906,4.39
2220,0.3711,0.906,4.41
2230,0.3748,0.906,4.43
2240,0.366,0.906,4.45
2250,0.3639,0.906,4.47
2260,0.3596,0.906,4.49
2270,0.3644,0.906,4.51
2280,0.3632,0.938,4.53
2290,0.3463,0.938,4.55
2300,0.3462,0.938,4.57
2310,0.3564,0.906,4.59
2320,0.3507,0.906,4.61
2330,0.3918,0.906,4.62
2340,0.4022,0.906,4.64
2350,0.3947,0.938,4.66
2360,0.9086,0.688,4.68
2370,3.6329,0.156,4.7
2380,3.0612,0.125,4.72
2390,2.6831,0.094,4.74
2400,2.4656,0.281,4.76
2410,2.31,0.25,4.78
2420,2.2704,0.25,4.8
2430,2.1363,0.281,4.82
2440,2.1107,0.25,4.84
2450,1.9538,0.344,4.86
2460,1.9757,0.344,4.88
2470,1.8694,0.375,4.9
2480,1.8353,0.375,4.92
2490,1.777,0.375,4.94
2500,1.7264,0.406,4.96
2510,1.6863,0.469,4.98
2520,1.6483,0.469,4.99
2530,1.5834,0.438,5.01
2540,1.5264,0.406,5.03
2550,1.4931,0.406,5.05
2560,1.4611,0.469,5.07
2570,1.5233,0.5,5.09
2580,1.3837,0.562,5.11
2590,1.4047,0.531,5.13
2600,1.3905,0.531,5.15
2610,1.3479,0.562,5.17
2620,1.282,0.562,5.19
2630,1.4112,0.5,5.21
2640,1.2997,0.531,5.23
2650,1.2313,0.594,5.25
2660,1.8105,0.438,5.27
2670,1.1319,0.625,5.29
2680,1.1686,0.594,5.3
2690,1.097,0.719,5.32
2700,1.0589,0.688,5.34
2710,1.0722,0.688,5.36
2720,1.0419,0.688,5.38
2730,1.0265,0.688,5.4
2740,1.0126,0.688,5.42
2750,1.0005,0.688,5.44
2760,0.9897,0.688,5.46
2770,0.9802,0.688,5.48
2780,0.9714,0.688,5.5
2790,0.9629,0.719,5.52
2800,0.9545,0.719,5.54
2810,0.946,0.719,5.56
2820,0.9385,0.719,5.58
2830,0.9192,0.688,5.6
2840,3.6373,0.188,5.62
2850,2.3102,0.375,5.63
2860,2.0043,0.438,5.65
2870,2.2843,0.344,5.67
2880,1.76,0.375,5.69
2890,3.1202,0.188,5.71
2900,2.8068,0.188,5.73
2910,2.6913,0.125,5.75
2920,2.1415,0.25,5.77
2930,2.2971,0.312,5.79
2940,1.4445,0.438,5.81
2950,1.3408,0.562,5.83
2960,1.2432,0.656,5.85
2970,1.3195,0.5,5.87
2980,1.2006,0.719,5.89
2990,1.0655,0.719,5.91
3000,2.0016,0.188,5.93
3010,2.333,0.25,5.95
3020,1.4921,0.375,5.97
3030,1.642,0.406,5.98
3040,1.417,0.562,6.0
3050,1.192,0.594,6.02
3060,1.6376,0.375,6.04
3070,1.9331,0.375,6.06
3080,1.4394,0.469,6.08
3090,1.3309,0.5,6.1
3100,1.2691,0.562,6.12
3110,1.3019,0.469,6.14
3120,1.9226,0.469,6.16
3130,1.3681,0.531,6.18
3140,1.1344,0.625,6.2
3150,1.1888,0.531,6.22
3160,1.295,0.5,6.24
3170,1.1156,0.562,6.26
3180,1.0727,0.594,6.28
3190,1.1689,0.562,6.3
3200,1.0643,0.625,6.32
3210,1.0587,0.562,6.34
3220,1.3344,0.531,6.35
3230,0.9991,0.688,6.37
3240,1.1279,0.625,6.39
3250,0.9464,0.719,6.41
3260,1.1116,0.562,6.43
3270,1.4562,0.406,6.45
3280,0.9785,0.656,6.47
3290,0.9298,0.719,6.49
3300,1.7928,0.438,6.51
3310,1.1879,0.562,6.53
3320,0.8817,0.75,6.55
3330,0.891,0.625,6.57
3340,0.9428,0.656,6.59
3350,0.8815,0.688,6.61
3360,1.3135,0.469,6.63
3370,0.8538,0.75,6.65
3380,0.8421,0.688,6.67
3390,1.9341,0.438,6.69
3400,1.5341,0.5,6.71
3410,1.3673,0.5,6.73
3420,1.2001,0.625,6.75
3430,0.9345,0.688,6.76
3440,1.128,0.594,6.78
3450,0.8839,0.688,6.8
3460,0.8857,0.75,6.82
3470,0.8126,0.719,6.84
3480,0.8135,0.719,6.86
3490,0.8157,0.656,6.88
3500,0.9255,0.719,6.9
3510,1.1652,0.562,6.92
3520,0.7841,0.719,6.94
3530,0.8893,0.656,6.96
3540,0.7801,0.812,6.98
3550,0.6711,0.781,7.0
3560,0.7552,0.656,7.02
3570,0.7042,0.812,7.04
3580,0.6716,0.781,7.06
3590,0.699,0.75,7.08
3600,0.5964,0.812,7.1
3610,0.6125,0.812,7.12
3620,0.8797,0.656,7.14
3630,0.5752,0.906,7.16
3640,0.6951,0.75,7.18
3650,0.6803,0.719,7.2
3660,0.6737,0.812,7.22
3670,0.5676,0.812,7.24
3680,0.5124,0.906,7.26
3690,0.9003,0.656,7.27
3700,0.4903,0.875,7.29
3710,1.0786,0.594,7.31
3720,0.5266,0.75,7.33
3730,0.6355,0.812,7.35
3740,0.6156,0.781,7.37
3750,0.4912,0.969,7.39
3760,0.461,0.969,7.41
3770,0.4437,0.938,7.43
3780,0.4985,0.875,7.45
3790,0.4379,0.938,7.47
3800,0.515,0.906,7.49
3810,0.4315,0.969,7.51
3820,0.6466,0.812,7.53
3830,0.4326,0.969,7.55
3840,0.4169,0.938,7.57
3850,0.4104,0.938,7.59
3860,0.4052,0.938,7.61
3870,0.4005,0.938,7.63
3880,0.3999,0.938,7.64
3890,0.4008,0.938,7.66
3900,0.3947,0.969,7.68
3910,0.3874,0.938,7.7
3920,0.3899,0.938,7.72
3930,0.5915,0.875,7.74
3940,0.7106,0.656,7.76
3950,0.3927,0.969,7.78
3960,0.3732,0.938,7.8
3970,0.3617,0.969,7.82
3980,1.2959,0.562,7.84
3990,0.3597,0.969,7.86
4000,0.35,0.969,7.88
4010,0.3451,0.969,7.9
4020,0.3471,0.969,7.92
4030,0.341,0.969,7.94
4040,0.3378,0.969,7.96
4050,0.336,0.969,7.98
4060,0.3485,0.938,8.0
4070,1.0315,0.719,8.02
4080,0.9181,0.75,8.04
4090,0.8862,0.75,8.06
4100,0.8406,0.812,8.08
4110,0.7237,0.844,8.1
4120,0.6388,0.812,8.12
4130,1.8818,0.438,8.13
4140,0.8944,0.812,8.15
4150,1.0532,0.688,8.17
4160,0.6558,0.781,8.19
4170,0.5508,0.906,8.21
4180,0.5521,0.906,8.23
4190,0.7736,0.688,8.25
4200,1.0629,0.688,8.27
4210,1.0089,0.625,8.29
4220,0.5342,0.875,8.31
4230,0.5024,0.938,8.33
4240,0.5877,0.875,8.35
4250,0.5018,0.938,8.37
4260,0.5081,0.906,8.39
4270,0.544,0.781,8.41
4280,0.527,0.844,8.43
4290,0.5158,0.844,8.45
4300,0.9167,0.625,8.47
4310,0.7244,0.75,8.49
4320,0.5508,0.844,8.51
4330,0.5095,0.844,8.53
4340,0.4866,0.906,8.55
4350,0.4856,0.906,8.57
4360,0.4458,0.969,8.59
4370,0.4449,0.938,8.61
4380,0.4293,0.969,8.62
4390,0.4342,0.938,8.64
4400,0.3476,1.0,8.66
4410,0.3075,1.0,8.68
4420,0.3175,1.0,8.7
4430,0.2988,1.0,8.72
4440,0.3065,1.0,8.74
4450,0.3175,1.0,8.76
4460,0.4496,0.875,8.78
4470,0.3156,1.0,8.8
4480,0.3348,0.938,8.82
4490,0.2787,1.0,8.84
4500,0.2731,1.0,8.86
4510,0.269,1.0,8.88
4520,0.2668,1.0,8.9
4530,0.4381,0.781,8.92
4540,0.2701,1.0,8.94
4550,0.2625,1.0,8.96
4560,0.2582,1.0,8.98
4570,0.2548,1.0,9.0
4580,0.2517,1.0,9.02
4590,0.2489,1.0,9.04
4600,0.2463,1.0,9.06
4610,0.2438,1.0,9.08
4620,0.2512,0.969,9.1
4630,0.9713,0.688,9.12
4640,0.3093,0.906,9.14
4650,0.2418,1.0,9.15
4660,0.2373,1.0,9.17
4670,0.2347,1.0,9.19
4680,0.2324,1.0,9.21
4690,0.2304,1.0,9.23
4700,0.2284,1.0,9.25
4710,0.2267,1.0,9.27
4720,0.2344,1.0,9.29
4730,0.2351,1.0,9.31
4740,0.2226,1.0,9.33
4750,0.2213,1.0,9.35
4760,0.2226,1.0,9.37
4770,0.2232,1.0,9.39
4780,0.2197,1.0,9.41
4790,0.2183,1.0,9.43
4800,0.2166,1.0,9.45
4810,0.2149,1.0,9.47
4820,0.2137,1.0,9.49
4830,0.2125,1.0,9.51
4840,0.2111,1.0,9.53
4850,0.2097,1.0,9.55
4860,0.2083,1.0,9.57
4870,0.2071,1.0,9.59
4880,0.2059,1.0,9.61
4890,0.2046,1.0,9.63
4900,0.2034,1.0,9.65
4910,0.2022,1.0,9.67
4920,0.201,1.0,9.68
4930,0.1998,1.0,9.7
4940,0.1987,1.0,9.73
4950,0.1976,1.0,9.75
4960,0.1964,1.0,9.77
4970,0.1953,1.0,9.79
4980,0.1942,1.0,9.8
4990,0.1932,1.0,9.82
5000,0.1921,1.0,9.84
5010,0.1911,1.0,9.86
5020,0.1901,1.0,9.88
5030,0.1891,1.0,9.92
5040,0.188,1.0,9.93
5050,0.1871,1.0,9.95
5060,0.1861,1.0,9.97
5070,0.1851,1.0,9.99
5080,0.1842,1.0,10.01
5090,0.1832,1.0,10.03
5100,0.1823,1.0,10.05
5110,0.1814,1.0,10.07
5120,0.1805,1.0,10.09
5130,0.1796,1.0,10.11
5140,0.1787,1.0,10.13
5150,0.1778,1.0,10.15
5160,0.177,1.0,10.17
5170,0.1761,1.0,10.19
5180,0.1753,1.0,10.21
5190,0.1745,1.0,10.23
5200,0.1736,1.0,10.25
5210,0.1728,1.0,10.27
5220,0.1719,1.0,10.29
5230,0.1712,1.0,10.3
5240,0.1704,1.0,10.32
5250,0.1696,1.0,10.34
5260,0.1688,1.0,10.36
5270,0.1681,1.0,10.38
5280,0.1673,1.0,10.4
5290,0.1666,1.0,10.42
5300,0.1658,1.0,10.44
5310,0.165,1.0,10.46
5320,0.1642,1.0,10.48
5330,0.1635,1.0,10.5
5340,0.1629,1.0,10.52
5350,0.1622,1.0,10.54
5360,0.1614,1.0,10.56
5370,0.1607,1.0,10.58
5380,0.1601,1.0,10.6
5390,0.1594,1.0,10.62
5400,0.1587,1.0,10.64
5410,0.158,1.0,10.66
5420,0.1573,1.0,10.68
5430,0.1566,1.0,10.7
5440,0.156,1.0,10.72
5450,0.1554,1.0,10.74
5460,0.1547,1.0,10.76
5470,0.1541,1.0,10.78
5480,0.1534,1.0,10.8
5490,0.1528,1.0,10.81
5500,0.1522,1.0,10.83
5510,0.1516,1.0,10.85
5520,0.1509,1.0,10.87
5530,0.1503,1.0,10.89
5540,0.1497,1.0,10.91
5550,0.1491,1.0,10.93
5560,0.1485,1.0,10.95
5570,0.1479,1.0,10.97
5580,0.1474,1.0,10.99
5590,0.1468,1.0,11.01
5600,0.1462,1.0,11.03
5610,0.1456,1.0,11.05
5620,0.1451,1.0,11.07
5630,0.1445,1.0,11.09
5640,0.1439,1.0,11.11
5650,0.1434,1.0,11.13
5660,0.1428,1.0,11.14
5670,0.1423,1.0,11.16
5680,0.1418,1.0,11.18
5690,0.1412,1.0,11.2
5700,0.1407,1.0,11.22
5710,0.1402,1.0,11.24
5720,0.1396,1.0,11.26
5730,0.1391,1.0,11.28
5740,0.1386,1.0,11.3
5750,0.1381,1.0,11.32
5760,0.1376,1.0,11.34
5770,0.1371,1.0,11.36
5780,0.1366,1.0,11.38
5790,0.1361,1.0,11.4
5800,0.1356,1.0,11.42
5810,0.1351,1.0,11.44
5820,0.1346,1.0,11.45
5830,0.1341,1.0,11.47
5840,0.1336,1.0,11.49
5850,0.1331,1.0,11.51
5860,0.1327,1.0,11.53
5870,0.1322,1.0,11.55
5880,0.1317,1.0,11.57
5890,0.1313,1.0,11.59
5900,0.1308,1.0,11.61
5910,0.1303,1.0,11.63
5920,0.1299,1.0,11.65
5930,0.1294,1.0,11.67
5940,0.129,1.0,11.69
5950,0.1285,1.0,11.71
5960,0.1281,1.0,11.72
5970,0.1277,1.0,11.74
5980,0.1272,1.0,11.76
5990,0.1268,1.0,11.78
6000,0.1263,1.0,11.8
6010,0.1259,1.0,11.82
6020,0.1255,1.0,11.84
6030,0.1251,1.0,11.86
6040,0.1246,1.0,11.88
6050,0.1242,1.0,11.9
6060,0.1238,1.0,11.92
6070,0.1234,1.0,11.94
6080,0.123,1.0,11.96
6090,0.1226,1.0,11.97
6100,0.1222,1.0,11.99
6110,0.1218,1.0,12.01
6120,0.1214,1.0,12.03
6130,0.121,1.0,12.05
6140,0.1206,1.0,12.07
6150,0.1202,1.0,12.09
6160,0.1198,1.0,12.11
6170,0.1194,1.0,12.13
6180,0.119,1.0,12.15
6190,0.1186,1.0,12.17
6200,0.1183,1.0,12.19
6210,0.1179,1.0,12.21
6220,0.1175,1.0,12.23
6230,0.1171,1.0,12.24
6240,0.1168,1.0,12.26
6250,0.1164,1.0,12.28
6260,0.116,1.0,12.3
6270,0.1156,1.0,12.32
6280,0.1153,1.0,12.34
6290,0.1149,1.0,12.36
6300,0.1146,1.0,12.38
6310,0.1142,1.0,12.4
6320,0.1139,1.0,12.42
6330,0.1135,1.0,12.44
6340,0.1131,1.0,12.46
6350,0.1128,1.0,12.47
6360,0.1125,1.0,12.49
6370,0.1121,1.0,12.51
6380,0.1118,1.0,12.53
6390,0.1114,1.0,12.55
6400,0.1111,1.0,12.57
6410,0.1107,1.0,12.59
6420,0.1104,1.0,12.61
6430,0.1101,1.0,12.63
6440,0.1097,1.0,12.65
6450,0.1094,1.0,12.67
6460,0.1091,1.0,12.69
6470,0.1088,1.0,12.71
6480,0.1084,1.0,12.73
6490,0.1081,1.0,12.74
6500,0.1078,1.0,12.76
6510,0.1075,1.0,12.78
6520,0.1072,1.0,12.8
6530,0.1068,1.0,12.82
6540,0.1065,1.0,12.84
6550,0.1062,1.0,12.86
6560,0.1059,1.0,12.88
6570,0.1056,1.0,12.9
6580,0.1053,1.0,12.92
6590,0.105,1.0,12.94
6600,0.1047,1.0,12.96
6610,0.1044,1.0,12.98
6620,0.1041,1.0,13.0
6630,0.1038,1.0,13.02
6640,0.1035,1.0,13.04
6650,0.1032,1.0,13.06
6660,0.1029,1.0,13.08
6670,0.1026,1.0,13.1
6680,0.1023,1.0,13.12
6690,0.102,1.0,13.14
6700,0.1017,1.0,13.16
6710,0.1014,1.0,13.18
6720,0.1011,1.0,13.2
6730,0.1009,1.0,13.22
6740,0.1006,1.0,13.24
6750,0.1003,1.0,13.25
6760,0.1,1.0,13.27
6770,0.0997,1.0,13.29
6780,0.0995,1.0,13.31
6790,0.0992,1.0,13.33
6800,0.0989,1.0,13.35
6810,0.0986,1.0,13.37
6820,0.0984,1.0,13.39
6830,0.0981,1.0,13.41
6840,0.0978,1.0,13.43
6850,0.0975,1.0,13.45
6860,0.0973,1.0,13.47
6870,0.097,1.0,13.49
6880,0.0968,1.0,13.5
6890,0.0965,1.0,13.52
6900,0.0962,1.0,13.54
6910,0.096,1.0,13.56
6920,0.0957,1.0,13.58
6930,0.0955,1.0,13.6
6940,0.0952,1.0,13.62
6950,0.0949,1.0,13.64
6960,0.0947,1.0,13.66
6970,0.0944,1.0,13.68
6980,0.0942,1.0,13.7
6990,0.0939,1.0,13.72
7000,0.0937,1.0,13.74
7010,0.0934,1.0,13.76
7020,0.0932,1.0,13.78
7030,0.0929,1.0,13.79
7040,0.0927,1.0,13.81
7050,0.0925,1.0,13.83
7060,0.0922,1.0,13.85
7070,0.092,1.0,13.87
7080,0.0917,1.0,13.89
7090,0.0915,1.0,13.91
7100,0.0913,1.0,13.93
7110,0.091,1.0,13.95
7120,0.0908,1.0,13.97
7130,0.0905,1.0,13.99
7140,0.0903,1.0,14.01
7150,0.0901,1.0,14.03
7160,0.0898,1.0,14.05
7170,0.0896,1.0,14.07
7180,0.0894,1.0,14.08
7190,0.0892,1.0,14.1
7200,0.0889,1.0,14.12
7210,0.0887,1.0,14.14
7220,0.0885,1.0,14.16
7230,0.0883,1.0,14.18
7240,0.088,1.0,14.2
7250,0.0878,1.0,14.22
7260,0.0876,1.0,14.24
7270,0.0874,1.0,14.26
7280,0.0872,1.0,14.28
7290,0.0869,1.0,14.3
7300,0.0867,1.0,14.32
7310,0.0865,1.0,14.33
7320,0.0863,1.0,14.35
7330,0.0861,1.0,14.37
7340,0.0859,1.0,14.39
7350,0.0856,1.0,14.41
7360,0.0854,1.0,14.43
7370,0.0852,1.0,14.45
7380,0.085,1.0,14.47
7390,0.0848,1.0,14.49
7400,0.0846,1.0,14.51
7410,0.0844,1.0,14.53
7420,0.0842,1.0,14.55
7430,0.084,1.0,14.57
7440,0.0838,1.0,14.58
7450,0.0836,1.0,14.6
7460,0.0834,1.0,14.62
7470,0.0832,1.0,14.64
7480,0.083,1.0,14.66
7490,0.0828,1.0,14.68
7500,0.0826,1.0,14.7
7510,0.0824,1.0,14.72
7520,0.0822,1.0,14.74
7530,0.082,1.0,14.76
7540,0.0818,1.0,14.78
7550,0.0816,1.0,14.8
7560,0.0814,1.0,14.82
7570,0.0812,1.0,14.83
7580,0.081,1.0,14.85
7590,0.0808,1.0,14.87
7600,0.0806,1.0,14.89
7610,0.0804,1.0,14.91
7620,0.0802,1.0,14.93
7630,0.0801,1.0,14.95
7640,0.0799,1.0,14.97
7650,0.0797,1.0,14.99
7660,0.0795,1.0,15.01
7670,0.0793,1.0,15.03
7680,0.0791,1.0,15.05
7690,0.0789,1.0,15.07
7700,0.0788,1.0,15.09
7710,0.0786,1.0,15.11
7720,0.0784,1.0,15.12
7730,0.0782,1.0,15.14
7740,0.078,1.0,15.16
7750,0.0779,1.0,15.18
7760,0.0777,1.0,15.2
7770,0.0775,1.0,15.22
7780,0.0773,1.0,15.24
7790,0.0771,1.0,15.26
7800,0.077,1.0,15.28
7810,0.0768,1.0,15.3
7820,0.0766,1.0,15.32
7830,0.0765,1.0,15.34
7840,0.0763,1.0,15.36
7850,0.0761,1.0,15.38
7860,0.0759,1.0,15.4
7870,0.0758,1.0,15.42
7880,0.0756,1.0,15.43
7890,0.0754,1.0,15.45
7900,0.0753,1.0,15.47
7910,0.0751,1.0,15.49
7920,0.0749,1.0,15.51
7930,0.0748,1.0,15.53
7940,0.0746,1.0,15.55
7950,0.0744,1.0,15.57
7960,0.0743,1.0,15.59
7970,0.0741,1.0,15.61
7980,0.0739,1.0,15.63
7990,0.0738,1.0,15.65
8000,0.0736,1.0,15.67
8010,0.0735,1.0,15.69
8020,0.0733,1.0,15.71
8030,0.0731,1.0,15.72
8040,0.073,1.0,15.74
8050,0.0728,1.0,15.76
8060,0.0727,1.0,15.78
8070,0.0725,1.0,15.8
8080,0.0723,1.0,15.82
8090,0.0722,1.0,15.84
8100,0.072,1.0,15.86
8110,0.0719,1.0,15.88
8120,0.0717,1.0,15.9
8130,0.0716,1.0,15.92
8140,0.0714,1.0,15.94
8150,0.0713,1.0,15.96
8160,0.0711,1.0,15.98
8170,0.071,1.0,16.0
8180,0.0708,1.0,16.02
8190,0.0707,1.0,16.03
8200,0.0705,1.0,16.05
8210,0.0704,1.0,16.07
8220,0.0702,1.0,16.09
8230,0.0701,1.0,16.11
8240,0.0699,1.0,16.13
8250,0.0698,1.0,16.15
8260,0.0696,1.0,16.17
8270,0.0695,1.0,16.19
8280,0.0694,1.0,16.21
8290,0.0692,1.0,16.23
8300,0.0691,1.0,16.25
8310,0.0689,1.0,16.27
8320,0.0688,1.0,16.29
8330,0.0686,1.0,16.3
8340,0.0685,1.0,16.32
8350,0.0684,1.0,16.34
8360,0.0682,1.0,16.36
8370,0.0681,1.0,16.38
8380,0.068,1.0,16.4
8390,0.0678,1.0,16.42
8400,0.0677,1.0,16.44
8410,0.0675,1.0,16.46
8420,0.0674,1.0,16.48
8430,0.0673,1.0,16.5
8440,0.0671,1.0,16.52
8450,0.067,1.0,16.54
8460,0.0669,1.0,16.56
8470,0.0667,1.0,16.57
8480,0.0666,1.0,16.59
8490,0.0665,1.0,16.61
8500,0.0663,1.0,16.63
8510,0.0662,1.0,16.65
8520,0.0661,1.0,16.67
8530,0.0659,1.0,16.69
8540,0.0658,1.0,16.71
8550,0.0657,1.0,16.73
8560,0.0655,1.0,16.75
8570,0.0654,1.0,16.77
8580,0.0653,1.0,16.79
8590,0.0652,1.0,16.81
8600,0.065,1.0,16.83
8610,0.0649,1.0,16.84
8620,0.0648,1.0,16.86
8630,0.0647,1.0,16.88
8640,0.0645,1.0,16.9
8650,0.0644,1.0,16.92
8660,0.0643,1.0,16.94
8670,0.0642,1.0,16.96
8680,0.064,1.0,16.98
8690,0.0639,1.0,17.0
8700,0.0638,1.0,17.02
8710,0.0637,1.0,17.04
8720,0.0635,1.0,17.06
8730,0.0634,1.0,17.07
8740,0.0633,1.0,17.09
8750,0.0632,1.0,17.11
8760,0.0631,1.0,17.13
8770,0.0629,1.0,17.15
8780,0.0628,1.0,17.17
8790,0.0627,1.0,17.19
8800,0.0626,1.0,17.21
8810,0.0625,1.0,17.23
8820,0.0623,1.0,17.25
8830,0.0622,1.0,17.27
8840,0.0621,1.0,17.29
8850,0.062,1.0,17.31
8860,0.0619,1.0,17.33
8870,0.0618,1.0,17.34
8880,0.0616,1.0,17.36
8890,0.0615,1.0,17.38
8900,0.0614,1.0,17.4
8910,0.0613,1.0,17.42
8920,0.0612,1.0,17.44
8930,0.0611,1.0,17.46
8940,0.061,1.0,17.48
8950,0.0609,1.0,17.5
8960,0.0607,1.0,17.52
8970,0.0606,1.0,17.54
8980,0.0605,1.0,17.56
8990,0.0604,1.0,17.58
9000,0.0603,1.0,17.6
9010,0.0602,1.0,17.61
9020,0.0601,1.0,17.63
9030,0.06,1.0,17.65
9040,0.0599,1.0,17.67
9050,0.0597,1.0,17.69
9060,0.0596,1.0,17.71
9070,0.0595,1.0,17.73
9080,0.0594,1.0,17.75
9090,0.0593,1.0,17.77
9100,0.0592,1.0,17.79
9110,0.0591,1.0,17.81
9120,0.059,1.0,17.83
9130,0.0589,1.0,17.85
9140,0.0588,1.0,17.86
9150,0.0587,1.0,17.88
9160,0.0586,1.0,17.9
9170,0.0585,1.0,17.92
9180,0.0584,1.0,18.03
9190,0.0583,1.0,18.07
9200,0.0582,1.0,18.11
9210,0.0581,1.0,18.13
9220,0.058,1.0,18.15
9230,0.0579,1.0,18.17
9240,0.0577,1.0,18.19
9250,0.0576,1.0,18.21
9260,0.0575,1.0,18.23
9270,0.0574,1.0,18.25
9280,0.0573,1.0,18.27
9290,0.0572,1.0,18.29
9300,0.0571,1.0,18.31
9310,0.057,1.0,18.33
9320,0.0569,1.0,18.35
9330,0.0568,1.0,18.37
9340,0.0567,1.0,18.39
9350,0.0566,1.0,18.41
9360,0.0565,1.0,18.43
9370,0.0565,1.0,18.45
9380,0.0564,1.0,18.47
9390,0.0563,1.0,18.49
9400,0.0562,1.0,18.51
9410,0.0561,1.0,18.53
9420,0.056,1.0,18.55
9430,0.0559,1.0,18.56
9440,0.0558,1.0,18.58
9450,0.0557,1.0,18.6
9460,0.0556,1.0,18.62
9470,0.0555,1.0,18.64
9480,0.0554,1.0,18.66
9490,0.0553,1.0,18.68
9500,0.0552,1.0,18.7
9510,0.0551,1.0,18.72
9520,0.055,1.0,18.74
9530,0.0549,1.0,18.76
9540,0.0548,1.0,18.78
9550,0.0547,1.0,18.8
9560,0.0546,1.0,18.82
9570,0.0546,1.0,18.84
9580,0.0545,1.0,18.85
9590,0.0544,1.0,18.87
9600,0.0543,1.0,18.89
9610,0.0542,1.0,18.91
9620,0.0541,1.0,18.93
9630,0.054,1.0,18.95
9640,0.0539,1.0,18.97
9650,0.0538,1.0,18.99
9660,0.0537,1.0,19.01
9670,0.0537,1.0,19.03
9680,0.0536,1.0,19.05
9690,0.0535,1.0,19.07
9700,0.0534,1.0,19.09
9710,0.0533,1.0,19.11
9720,0.0532,1.0,19.13
9730,0.0531,1.0,19.15
9740,0.053,1.0,19.17
9750,0.053,1.0,19.19
9760,0.0529,1.0,19.21
9770,0.0528,1.0,19.23
9780,0.0527,1.0,19.25
9790,0.0526,1.0,19.27
9800,0.0525,1.0,19.29
9810,0.0524,1.0,19.31
9820,0.0524,1.0,19.33
9830,0.0523,1.0,19.34
9840,0.0522,1.0,19.36
9850,0.0521,1.0,19.38
9860,0.052,1.0,19.4
9870,0.0519,1.0,19.42
9880,0.0518,1.0,19.44
9890,0.0518,1.0,19.46
9900,0.0517,1.0,19.48
9910,0.0516,1.0,19.5
9920,0.0515,1.0,19.52
9930,0.0514,1.0,19.54
9940,0.0514,1.0,19.56
9950,0.0513,1.0,19.58
9960,0.0512,1.0,19.6
9970,0.0511,1.0,19.62
9980,0.051,1.0,19.64
9990,0.0509,1.0,19.66
10000,0.0509,1.0,19.68
10010,0.0508,1.0,19.69
10020,0.0507,1.0,19.71
10030,0.0506,1.0,19.73
10040,0.0505,1.0,19.75
10050,0.0505,1.0,19.77
10060,0.0504,1.0,19.79
10070,0.0503,1.0,19.81
10080,0.0502,1.0,19.83
10090,0.0502,1.0,19.85
10100,0.0501,1.0,19.87
10110,0.05,1.0,19.89
10120,0.0499,1.0,19.91
10130,0.0498,1.0,19.93
10140,0.0498,1.0,19.94
10150,0.0497,1.0,19.96
10160,0.0496,1.0,19.98
10170,0.0495,1.0,20.0
10180,0.0495,1.0,20.02
10190,0.0494,1.0,20.04
10200,0.0493,1.0,20.06
10210,0.0492,1.0,20.08
10220,0.0492,1.0,20.1
10230,0.0491,1.0,20.12
10240,0.049,1.0,20.14
10250,0.0489,1.0,20.16
10260,0.0489,1.0,20.18
10270,0.0488,1.0,20.2
10280,0.0487,1.0,20.22
10290,0.0486,1.0,20.24
10300,0.0486,1.0,20.25
10310,0.0485,1.0,20.27
10320,0.0484,1.0,20.29
10330,0.0483,1.0,20.31
10340,0.0483,1.0,20.33
10350,0.0482,1.0,20.35
10360,0.0481,1.0,20.37
10370,0.048,1.0,20.39
10380,0.048,1.0,20.41
10390,0.0479,1.0,20.43
10400,0.0478,1.0,20.45
10410,0.0478,1.0,20.47
10420,0.0477,1.0,20.49
10430,0.0476,1.0,20.51
10440,0.0475,1.0,20.52
10450,0.0475,1.0,20.54
10460,0.0474,1.0,20.56
10470,0.0473,1.0,20.58
10480,0.0473,1.0,20.6
10490,0.0472,1.0,20.62
10500,0.0471,1.0,20.64
10510,0.0471,1.0,20.66
10520,0.047,1.0,20.68
10530,0.0469,1.0,20.7
10540,0.0468,1.0,20.72
10550,0.0468,1.0,20.74
10560,0.0467,1.0,20.76
10570,0.0466,1.0,20.78
10580,0.0466,1.0,20.8
10590,0.0465,1.0,20.82
10600,0.0464,1.0,20.84
10610,0.0464,1.0,20.85
10620,0.0463,1.0,20.87
10630,0.0462,1.0,20.89
10640,0.0462,1.0,20.91
10650,0.0461,1.0,20.93
10660,0.046,1.0,20.95
10670,0.046,1.0,20.97
10680,0.0459,1.0,20.99
10690,0.0458,1.0,21.01
10700,0.0458,1.0,21.03
10710,0.0457,1.0,21.05
10720,0.0456,1.0,21.07
10730,0.0456,1.0,21.09
10740,0.0455,1.0,21.11
10750,0.0454,1.0,21.13
10760,0.0454,1.0,21.15
10770,0.0453,1.0,21.17
10780,0.0452,1.0,21.19
10790,0.0452,1.0,21.2
10800,0.0451,1.0,21.22
10810,0.0451,1.0,21.24
10820,0.045,1.0,21.26
10830,0.0449,1.0,21.28
10840,0.0449,1.0,21.3
10850,0.0448,1.0,21.32
10860,0.0447,1.0,21.34
10870,0.0447,1.0,21.36
10880,0.0446,1.0,21.38
10890,0.0446,1.0,21.4
10900,0.0445,1.0,21.42
10910,0.0444,1.0,21.44
10920,0.0444,1.0,21.46
10930,0.0443,1.0,21.48
10940,0.0442,1.0,21.5
10950,0.0442,1.0,21.51
10960,0.0441,1.0,21.53
10970,0.0441,1.0,21.55
10980,0.044,1.0,21.57
10990,0.0439,1.0,21.59
11000,0.0439,1.0,21.61
11010,0.0438,1.0,21.63
11020,0.0438,1.0,21.65
11030,0.0437,1.0,21.67
11040,0.0436,1.0,21.69
11050,0.0436,1.0,21.71
11060,0.0435,1.0,21.73
11070,0.0435,1.0,21.75
11080,0.0434,1.0,21.77
11090,0.0433,1.0,21.79
11100,0.0433,1.0,21.8
11110,0.0432,1.0,21.82
11120,0.0432,1.0,21.84
11130,0.0431,1.0,21.86
11140,0.043,1.0,21.88
11150,0.043,1.0,21.9
11160,0.0429,1.0,21.92
11170,0.0429,1.0,21.94
11180,0.0428,1.0,21.96
11190,0.0427,1.0,21.98
11200,0.0427,1.0,22.0
11210,0.0426,1.0,22.02
11220,0.0426,1.0,22.04
11230,0.0425,1.0,22.06
11240,0.0425,1.0,22.08
11250,0.0424,1.0,22.1
11260,0.0423,1.0,22.11
11270,0.0423,1.0,22.13
11280,0.0422,1.0,22.15
11290,0.0422,1.0,22.17
11300,0.0421,1.0,22.19
11310,0.0421,1.0,22.21
11320,0.042,1.0,22.23
11330,0.0419,1.0,22.25
11340,0.0419,1.0,22.27
11350,0.0418,1.0,22.29
11360,0.0418,1.0,22.31
11370,0.0417,1.0,22.33
11380,0.0417,1.0,22.35
11390,0.0416,1.0,22.37
11400,0.0416,1.0,22.39
11410,0.0415,1.0,22.41
11420,0.0415,1.0,22.42
11430,0.0414,1.0,22.44
11440,0.0413,1.0,22.46
11450,0.0413,1.0,22.48
11460,0.0412,1.0,22.5
11470,0.0412,1.0,22.52
11480,0.0411,1.0,22.54
11490,0.0411,1.0,22.56
11500,0.041,1.0,22.58
11510,0.041,1.0,22.6
11520,0.0409,1.0,22.62
11530,0.0409,1.0,22.64
11540,0.0408,1.0,22.66
11550,0.0408,1.0,22.68
11560,0.0407,1.0,22.7
11570,0.0406,1.0,22.72
11580,0.0406,1.0,22.74
11590,0.0405,1.0,22.75
11600,0.0405,1.0,22.77
11610,0.0404,1.0,22.79
11620,0.0404,1.0,22.81
11630,0.0403,1.0,22.83
11640,0.0403,1.0,22.85
11650,0.0402,1.0,22.87
11660,0.0402,1.0,22.89
11670,0.0401,1.0,22.91
11680,0.0401,1.0,22.93
11690,0.04,1.0,22.95
11700,0.04,1.0,22.97
11710,0.0399,1.0,22.99
11720,0.0399,1.0,23.01
11730,0.0398,1.0,23.03
11740,0.0398,1.0,23.04
11750,0.0397,1.0,23.06
11760,0.0397,1.0,23.08
11770,0.0396,1.0,23.1
11780,0.0396,1.0,23.12
11790,0.0395,1.0,23.14
11800,0.0395,1.0,23.16
11810,0.0394,1.0,23.18
11820,0.0394,1.0,23.2
11830,0.0393,1.0,23.22
11840,0.0393,1.0,23.24
11850,0.0392,1.0,23.26
11860,0.0392,1.0,23.28
11870,0.0391,1.0,23.3
11880,0.0391,1.0,23.32
11890,0.039,1.0,23.34
11900,0.039,1.0,23.35
11910,0.0389,1.0,23.37
11920,0.0389,1.0,23.39
11930,0.0388,1.0,23.41
11940,0.0388,1.0,23.43
11950,0.0387,1.0,23.45
11960,0.0387,1.0,23.47
11970,0.0386,1.0,23.49
11980,0.0386,1.0,23.51
11990,0.0385,1.0,23.53
12000,0.0385,1.0,23.55
12010,0.0385,1.0,23.57
12020,0.0384,1.0,23.59
12030,0.0384,1.0,23.61
12040,0.0383,1.0,23.63
12050,0.0383,1.0,23.64
12060,0.0382,1.0,23.66
12070,0.0382,1.0,23.68
12080,0.0381,1.0,23.7
12090,0.0381,1.0,23.72
12100,0.038,1.0,23.74
12110,0.038,1.0,23.76
12120,0.0379,1.0,23.78
12130,0.0379,1.0,23.8
12140,0.0378,1.0,23.82
12150,0.0378,1.0,23.84
12160,0.0378,1.0,23.86
12170,0.0377,1.0,23.88
12180,0.0377,1.0,23.9
12190,0.0376,1.0,23.92
12200,0.0376,1.0,23.94
12210,0.0375,1.0,23.96
12220,0.0375,1.0,23.98
12230,0.0374,1.0,24.0
12240,0.0374,1.0,24.02
12250,0.0373,1.0,24.04
12260,0.0373,1.0,24.06
12270,0.0373,1.0,24.08
12280,0.0372,1.0,24.1
12290,0.0372,1.0,24.12
12300,0.0371,1.0,24.14
12310,0.0371,1.0,24.16
12320,0.037,1.0,24.18
12330,0.037,1.0,24.2
12340,0.037,1.0,24.22
12350,0.0369,1.0,24.24
12360,0.0369,1.0,24.26
12370,0.0368,1.0,24.28
12380,0.0368,1.0,24.3
12390,0.0367,1.0,24.32
12400,0.0367,1.0,24.35
12410,0.0366,1.0,24.37
12420,0.0366,1.0,24.39
12430,0.0366,1.0,24.41
12440,0.0365,1.0,24.43
12450,0.0365,1.0,24.46
12460,0.0364,1.0,24.48
12470,0.0364,1.0,24.5
12480,0.0363,1.0,24.52
12490,0.0363,1.0,24.53
12500,0.0363,1.0,24.55
12510,0.0362,1.0,24.57
12520,0.0362,1.0,24.59
12530,0.0361,1.0,24.61
12540,0.0361,1.0,24.63
12550,0.0361,1.0,24.65
12560,0.036,1.0,24.67
12570,0.036,1.0,24.69
12580,0.0359,1.0,24.71
12590,0.0359,1.0,24.73
12600,0.0358,1.0,24.75
12610,0.0358,1.0,24.77
12620,0.0358,1.0,24.79
12630,0.0357,1.0,24.81
12640,0.0357,1.0,24.83
12650,0.0356,1.0,24.84
12660,0.0356,1.0,24.86
12670,0.0356,1.0,24.88
12680,0.0355,1.0,24.9
12690,0.0355,1.0,24.92
12700,0.0354,1.0,24.94
12710,0.0354,1.0,24.96
12720,0.0354,1.0,24.98
12730,0.0353,1.0,25.0
12740,0.0353,1.0,25.02
12750,0.0352,1.0,25.04
12760,0.0352,1.0,25.05
12770,0.0352,1.0,25.07
12780,0.0351,1.0,25.09
12790,0.0351,1.0,25.11
12800,0.035,1.0,25.13
12810,0.035,1.0,25.15
12820,0.035,1.0,25.17
12830,0.0349,1.0,25.19
12840,0.0349,1.0,25.21
12850,0.0348,1.0,25.23
12860,0.0348,1.0,25.25
12870,0.0348,1.0,25.27
12880,0.0347,1.0,25.29
12890,0.0347,1.0,25.3
12900,0.0346,1.0,25.32
12910,0.0346,1.0,25.34
12920,0.0346,1.0,25.36
12930,0.0345,1.0,25.38
12940,0.0345,1.0,25.4
12950,0.0344,1.0,25.42
12960,0.0344,1.0,25.44
12970,0.0344,1.0,25.46
12980,0.0343,1.0,25.52
12990,0.0343,1.0,25.54
13000,0.0343,1.0,25.55
13010,0.0342,1.0,25.57
13020,0.0342,1.0,25.59
13030,0.0341,1.0,25.61
13040,0.0341,1.0,25.63
13050,0.0341,1.0,25.66
13060,0.034,1.0,25.68
13070,0.034,1.0,25.7
13080,0.034,1.0,25.72
13090,0.0339,1.0,25.73
13100,0.0339,1.0,25.75
13110,0.0338,1.0,25.77
13120,0.0338,1.0,25.79
13130,0.0338,1.0,25.81
13140,0.0337,1.0,25.83
13150,0.0337,1.0,25.85
13160,0.0337,1.0,25.87
13170,0.0336,1.0,25.89
13180,0.0336,1.0,25.91
13190,0.0336,1.0,25.93
13200,0.0335,1.0,25.95
13210,0.0335,1.0,25.97
13220,0.0334,1.0,25.99
13230,0.0334,1.0,26.01
13240,0.0334,1.0,26.03
13250,0.0333,1.0,26.05
13260,0.0333,1.0,26.07
13270,0.0333,1.0,26.09
13280,0.0332,1.0,26.11
13290,0.0332,1.0,26.13
13300,0.0332,1.0,26.15
13310,0.0331,1.0,26.17
13320,0.0331,1.0,26.18
13330,0.033,1.0,26.2
13340,0.033,1.0,26.22
13350,0.033,1.0,26.24
13360,0.0329,1.0,26.26
13370,0.0329,1.0,26.28
13380,0.0329,1.0,26.3
13390,0.0328,1.0,26.32
13400,0.0328,1.0,26.34
13410,0.0328,1.0,26.36
13420,0.0327,1.0,26.38
13430,0.0327,1.0,26.4
13440,0.0327,1.0,26.42
13450,0.0326,1.0,26.44
13460,0.0326,1.0,26.46
13470,0.0326,1.0,26.48
13480,0.0325,1.0,26.49
13490,0.0325,1.0,26.51
13500,0.0325,1.0,26.53
13510,0.0324,1.0,26.55
13520,0.0324,1.0,26.57
13530,0.0324,1.0,26.59
13540,0.0323,1.0,26.61
13550,0.0323,1.0,26.63
13560,0.0323,1.0,26.65
13570,0.0322,1.0,26.67
13580,0.0322,1.0,26.69
13590,0.0322,1.0,26.71
13600,0.0321,1.0,26.73
13610,0.0321,1.0,26.75
13620,0.0321,1.0,26.77
13630,0.032,1.0,26.79
13640,0.032,1.0,26.8
13650,0.032,1.0,26.82
13660,0.0319,1.0,26.84
13670,0.0319,1.0,26.86
13680,0.0319,1.0,26.88
13690,0.0318,1.0,26.9
13700,0.0318,1.0,26.92
13710,0.0318,1.0,26.94
13720,0.0317,1.0,26.96
13730,0.0317,1.0,26.98
13740,0.0317,1.0,27.0
13750,0.0316,1.0,27.02
13760,0.0316,1.0,27.04
13770,0.0316,1.0,27.05
13780,0.0315,1.0,27.07
13790,0.0315,1.0,27.09
13800,0.0315,1.0,27.11
13810,0.0314,1.0,27.13
13820,0.0314,1.0,27.15
13830,0.0314,1.0,27.17
13840,0.0313,1.0,27.19
13850,0.0313,1.0,27.21
13860,0.0313,1.0,27.23
13870,0.0312,1.0,27.25
13880,0.0312,1.0,27.27
13890,0.0312,1.0,27.29
13900,0.0311,1.0,27.31
13910,0.0311,1.0,27.32
13920,0.0311,1.0,27.34
13930,0.031,1.0,27.36
13940,0.031,1.0,27.38
13950,0.031,1.0,27.4
13960,0.031,1.0,27.42
13970,0.0309,1.0,27.44
13980,0.0309,1.0,27.46
13990,0.0309,1.0,27.48
14000,0.0308,1.0,27.5
14010,0.0308,1.0,27.52
14020,0.0308,1.0,27.54
14030,0.0307,1.0,27.55
14040,0.0307,1.0,27.57
14050,0.0307,1.0,27.59
14060,0.0306,1.0,27.61
14070,0.0306,1.0,27.63
14080,0.0306,1.0,27.65
14090,0.0306,1.0,27.67
14100,0.0305,1.0,27.69
14110,0.0305,1.0,27.71
14120,0.0305,1.0,27.73
14130,0.0304,1.0,27.75
14140,0.0304,1.0,27.77
14150,0.0304,1.0,27.79
14160,0.0303,1.0,27.81
14170,0.0303,1.0,27.83
14180,0.0303,1.0,27.85
14190,0.0303,1.0,27.87
14200,0.0302,1.0,27.9
14210,0.0302,1.0,27.92
14220,0.0302,1.0,27.94
14230,0.0301,1.0,27.96
14240,0.0301,1.0,27.98
14250,0.0301,1.0,28.0
14260,0.03,1.0,28.02
14270,0.03,1.0,28.04
14280,0.03,1.0,28.06
14290,0.03,1.0,28.08
14300,0.0299,1.0,28.1
14310,0.0299,1.0,28.12
14320,0.0299,1.0,28.14
14330,0.0298,1.0,28.16
14340,0.0298,1.0,28.18
14350,0.0298,1.0,28.2
14360,0.0298,1.0,28.22
14370,0.0297,1.0,28.24
14380,0.0297,1.0,28.26
14390,0.0297,1.0,28.28
14400,0.0296,1.0,28.3
14410,0.0296,1.0,28.32
14420,0.0296,1.0,28.34
14430,0.0296,1.0,28.36
14440,0.0295,1.0,28.38
14450,0.0295,1.0,28.4
14460,0.0295,1.0,28.42
14470,0.0294,1.0,28.44
14480,0.0294,1.0,28.46
14490,0.0294,1.0,28.47
14500,0.0294,1.0,28.49
14510,0.0293,1.0,28.51
14520,0.0293,1.0,28.53
14530,0.0293,1.0,28.55
14540,0.0292,1.0,28.57
14550,0.0292,1.0,28.59
14560,0.0292,1.0,28.61
14570,0.0292,1.0,28.63
14580,0.0291,1.0,28.65
14590,0.0291,1.0,28.67
14600,0.0291,1.0,28.69
14610,0.029,1.0,28.71
14620,0.029,1.0,28.73
14630,0.029,1.0,28.75
14640,0.029,1.0,28.76
14650,0.0289,1.0,28.78
14660,0.0289,1.0,28.8
14670,0.0289,1.0,28.82
14680,0.0289,1.0,28.84
14690,0.0288,1.0,28.86
14700,0.0288,1.0,28.89
14710,0.0288,1.0,28.91
14720,0.0287,1.0,28.93
14730,0.0287,1.0,28.95
14740,0.0287,1.0,28.97
14750,0.0287,1.0,28.99
14760,0.0286,1.0,29.01
14770,0.0286,1.0,29.03
14780,0.0286,1.0,29.05
14790,0.0286,1.0,29.07
14800,0.0285,1.0,29.09
14810,0.0285,1.0,29.11
14820,0.0285,1.0,29.13
14830,0.0285,1.0,29.15
14840,0.0284,1.0,29.16
14850,0.0284,1.0,29.18
14860,0.0284,1.0,29.2
14870,0.0283,1.0,29.22
14880,0.0283,1.0,29.24
14890,0.0283,1.0,29.26
14900,0.0283,1.0,29.28
14910,0.0282,1.0,29.3
14920,0.0282,1.0,29.32
14930,0.0282,1.0,29.34
14940,0.0282,1.0,29.36
14950,0.0281,1.0,29.38
14960,0.0281,1.0,29.4
14970,0.0281,1.0,29.42
14980,0.0281,1.0,29.44
14990,0.028,1.0,29.45
15000,0.028,1.0,29.47
15010,0.028,1.0,29.49
15020,0.028,1.0,29.51
15030,0.0279,1.0,29.53
15040,0.0279,1.0,29.55
15050,0.0279,1.0,29.57
15060,0.0279,1.0,29.59
15070,0.0278,1.0,29.61
15080,0.0278,1.0,29.63
15090,0.0278,1.0,29.65
15100,0.0278,1.0,29.67
15110,0.0277,1.0,29.69
15120,0.0277,1.0,29.71
15130,0.0277,1.0,29.73
15140,0.0277,1.0,29.74
15150,0.0276,1.0,29.76
15160,0.0276,1.0,29.78
15170,0.0276,1.0,29.8
15180,0.0276,1.0,29.82
15190,0.0275,1.0,29.84
15200,0.0275,1.0,29.86
15210,0.0275,1.0,29.88
15220,0.0275,1.0,29.9
15230,0.0274,1.0,29.92
15240,0.0274,1.0,29.94
15250,0.0274,1.0,29.96
15260,0.0274,1.0,29.98
15270,0.0273,1.0,30.0
15280,0.0273,1.0,30.01
15290,0.0273,1.0,30.03
15300,0.0273,1.0,30.05
15310,0.0272,1.0,30.07
15320,0.0272,1.0,30.09
15330,0.0272,1.0,30.11
15340,0.0272,1.0,30.13
15350,0.0271,1.0,30.15
15360,0.0271,1.0,30.17
15370,0.0271,1.0,30.19
15380,0.0271,1.0,30.21
15390,0.027,1.0,30.23
15400,0.027,1.0,30.25
15410,0.027,1.0,30.27
15420,0.027,1.0,30.29
15430,0.0269,1.0,30.3
15440,0.0269,1.0,30.32
15450,0.0269,1.0,30.34
15460,0.0269,1.0,30.36
15470,0.0268,1.0,30.38
15480,0.0268,1.0,30.4
15490,0.0268,1.0,30.42
15500,0.0268,1.0,30.44
15510,0.0268,1.0,30.47
15520,0.0267,1.0,30.49
15530,0.0267,1.0,30.5
15540,0.0267,1.0,30.52
15550,0.0267,1.0,30.54
15560,0.0266,1.0,30.56
15570,0.0266,1.0,30.58
15580,0.0266,1.0,30.6
15590,0.0266,1.0,30.62
15600,0.0265,1.0,30.64
15610,0.0265,1.0,30.66
15620,0.0265,1.0,30.68
15630,0.0265,1.0,30.7
15640,0.0264,1.0,30.72
15650,0.0264,1.0,30.74
15660,0.0264,1.0,30.76
15670,0.0264,1.0,30.78
15680,0.0264,1.0,30.8
15690,0.0263,1.0,30.81
15700,0.0263,1.0,30.83
15710,0.0263,1.0,30.85
15720,0.0263,1.0,30.87
15730,0.0262,1.0,30.89
15740,0.0262,1.0,30.91
15750,0.0262,1.0,30.93
15760,0.0262,1.0,30.95
15770,0.0262,1.0,30.97
15780,0.0261,1.0,30.99
15790,0.0261,1.0,31.01
15800,0.0261,1.0,31.03
15810,0.0261,1.0,31.05
15820,0.026,1.0,31.07
15830,0.026,1.0,31.09
15840,0.026,1.0,31.1
15850,0.026,1.0,31.12
15860,0.026,1.0,31.14
15870,0.0259,1.0,31.16
15880,0.0259,1.0,31.18
15890,0.0259,1.0,31.2
15900,0.0259,1.0,31.22
15910,0.0258,1.0,31.24
15920,0.0258,1.0,31.26
15930,0.0258,1.0,31.28
15940,0.0258,1.0,31.3
15950,0.0258,1.0,31.32
15960,0.0257,1.0,31.34
15970,0.0257,1.0,31.36
15980,0.0257,1.0,31.38
15990,0.0257,1.0,31.4
16000,0.0256,1.0,31.42
16010,0.0256,1.0,31.43
16020,0.0256,1.0,31.49
16030,0.0256,1.0,31.51
16040,0.0256,1.0,31.53
16050,0.0255,1.0,31.55
16060,0.0255,1.0,31.57
16070,0.0255,1.0,31.59
16080,0.0255,1.0,31.61
16090,0.0255,1.0,31.63
16100,0.0254,1.0,31.65
16110,0.0254,1.0,31.67
16120,0.0254,1.0,31.69
16130,0.0254,1.0,31.71
16140,0.0253,1.0,31.73
16150,0.0253,1.0,31.75
16160,0.0253,1.0,31.77
16170,0.0253,1.0,31.79
16180,0.0253,1.0,31.81
16190,0.0252,1.0,31.83
16200,0.0252,1.0,31.84
16210,0.0252,1.0,31.86
16220,0.0252,1.0,31.88
16230,0.0252,1.0,31.9
16240,0.0251,1.0,31.92
16250,0.0251,1.0,31.94
16260,0.0251,1.0,31.96
16270,0.0251,1.0,31.98
16280,0.0251,1.0,32.05
16290,0.025,1.0,32.11
16300,0.025,1.0,32.17
16310,0.025,1.0,32.19
16320,0.025,1.0,32.21
16330,0.0249,1.0,32.23
16340,0.0249,1.0,32.25
16350,0.0249,1.0,32.27
16360,0.0249,1.0,32.29
16370,0.0249,1.0,32.31
16380,0.0248,1.0,32.33
16390,0.0248,1.0,32.35
16400,0.0248,1.0,32.37
16410,0.0248,1.0,32.39
16420,0.0248,1.0,32.41
16430,0.0247,1.0,32.43
16440,0.0247,1.0,32.44
16450,0.0247,1.0,32.46
16460,0.0247,1.0,32.48
16470,0.0247,1.0,32.5
16480,0.0246,1.0,32.52
16490,0.0246,1.0,32.54
16500,0.0246,1.0,32.56
16510,0.0246,1.0,32.58
16520,0.0246,1.0,32.6
16530,0.0245,1.0,32.62
16540,0.0245,1.0,32.64
16550,0.0245,1.0,32.66
16560,0.0245,1.0,32.68
16570,0.0245,1.0,32.7
16580,0.0244,1.0,32.72
16590,0.0244,1.0,32.74
16600,0.0244,1.0,32.75
16610,0.0244,1.0,32.77
16620,0.0244,1.0,32.79
16630,0.0243,1.0,32.81
16640,0.0243,1.0,32.83
16650,0.0243,1.0,32.85
16660,0.0243,1.0,32.87
16670,0.0243,1.0,32.89
16680,0.0242,1.0,32.91
16690,0.0242,1.0,32.93
16700,0.0242,1.0,32.95
16710,0.0242,1.0,32.97
16720,0.0242,1.0,32.99
16730,0.0241,1.0,33.01
16740,0.0241,1.0,33.03
16750,0.0241,1.0,33.05
16760,0.0241,1.0,33.07
16770,0.0241,1.0,33.09
16780,0.0241,1.0,33.11
16790,0.024,1.0,33.13
16800,0.024,1.0,33.14
16810,0.024,1.0,33.16
16820,0.024,1.0,33.18
16830,0.024,1.0,33.21
16840,0.0239,1.0,33.23
16850,0.0239,1.0,33.25
16860,0.0239,1.0,33.27
16870,0.0239,1.0,33.28
16880,0.0239,1.0,33.3
16890,0.0238,1.0,33.32
16900,0.0238,1.0,33.34
16910,0.0238,1.0,33.36
16920,0.0238,1.0,33.38
16930,0.0238,1.0,33.4
16940,0.0238,1.0,33.42
16950,0.0237,1.0,33.44
16960,0.0237,1.0,33.46
16970,0.0237,1.0,33.48
16980,0.0237,1.0,33.5
16990,0.0237,1.0,33.52
17000,0.0236,1.0,33.54
17010,0.0236,1.0,33.56
17020,0.0236,1.0,33.57
17030,0.0236,1.0,33.59
17040,0.0236,1.0,33.61
17050,0.0235,1.0,33.63
17060,0.0235,1.0,33.65
17070,0.0235,1.0,33.67
17080,0.0235,1.0,33.69
17090,0.0235,1.0,33.71
17100,0.0235,1.0,33.73
17110,0.0234,1.0,33.75
17120,0.0234,1.0,33.77
17130,0.0234,1.0,33.79
17140,0.0234,1.0,33.81
17150,0.0234,1.0,33.83
17160,0.0233,1.0,33.84
17170,0.0233,1.0,33.86
17180,0.0233,1.0,33.88
17190,0.0233,1.0,33.9
17200,0.0233,1.0,33.92
17210,0.0233,1.0,33.94
17220,0.0232,1.0,33.96
17230,0.0232,1.0,33.98
17240,0.0232,1.0,34.0
17250,0.0232,1.0,34.02
17260,0.0232,1.0,34.04
17270,0.0231,1.0,34.06
17280,0.0231,1.0,34.08
17290,0.0231,1.0,34.1
17300,0.0231,1.0,34.11
17310,0.0231,1.0,34.13
17320,0.0231,1.0,34.15
17330,0.023,1.0,34.17
17340,0.023,1.0,34.19
17350,0.023,1.0,34.21
17360,0.023,1.0,34.23
17370,0.023,1.0,34.25
17380,0.023,1.0,34.27
17390,0.0229,1.0,34.29
17400,0.0229,1.0,34.31
17410,0.0229,1.0,34.33
17420,0.0229,1.0,34.35
17430,0.0229,1.0,34.37
17440,0.0228,1.0,34.39
17450,0.0228,1.0,34.4
17460,0.0228,1.0,34.42
17470,0.0228,1.0,34.44
17480,0.0228,1.0,34.46
17490,0.0228,1.0,34.48
17500,0.0227,1.0,34.5
17510,0.0227,1.0,34.52
17520,0.0227,1.0,34.54
17530,0.0227,1.0,34.56
17540,0.0227,1.0,34.58
17550,0.0227,1.0,34.63
17560,0.0226,1.0,34.66
17570,0.0226,1.0,34.68
17580,0.0226,1.0,34.7
17590,0.0226,1.0,34.72
17600,0.0226,1.0,34.74
17610,0.0226,1.0,34.76
17620,0.0225,1.0,34.78
17630,0.0225,1.0,34.8
17640,0.0225,1.0,34.82
17650,0.0225,1.0,34.84
17660,0.0225,1.0,34.86
17670,0.0225,1.0,34.88
17680,0.0224,1.0,34.9
17690,0.0224,1.0,34.92
17700,0.0224,1.0,34.94
17710,0.0224,1.0,34.96
17720,0.0224,1.0,34.98
17730,0.0224,1.0,35.0
17740,0.0223,1.0,35.02
17750,0.0223,1.0,35.04
17760,0.0223,1.0,35.05
17770,0.0223,1.0,35.07
17780,0.0223,1.0,35.09
17790,0.0223,1.0,35.11
17800,0.0222,1.0,35.13
17810,0.0222,1.0,35.15
17820,0.0222,1.0,35.17
17830,0.0222,1.0,35.19
17840,0.0222,1.0,35.21
17850,0.0222,1.0,35.23
17860,0.0221,1.0,35.25
17870,0.0221,1.0,35.27
17880,0.0221,1.0,35.29
17890,0.0221,1.0,35.31
17900,0.0221,1.0,35.33
17910,0.0221,1.0,35.35
17920,0.022,1.0,35.37
17930,0.022,1.0,35.39
17940,0.022,1.0,35.41
17950,0.022,1.0,35.43
17960,0.022,1.0,35.45
17970,0.022,1.0,35.47
17980,0.0219,1.0,35.49
17990,0.0219,1.0,35.51
18000,0.0219,1.0,35.53
18010,0.0219,1.0,35.55
18020,0.0219,1.0,35.57
18030,0.0219,1.0,35.59
18040,0.0219,1.0,35.61
18050,0.0218,1.0,35.63
18060,0.0218,1.0,35.65
18070,0.0218,1.0,35.67
18080,0.0218,1.0,35.69
18090,0.0218,1.0,35.71
18100,0.0218,1.0,35.73
18110,0.0217,1.0,35.75
18120,0.0217,1.0,35.77
18130,0.0217,1.0,35.79
18140,0.0217,1.0,35.81
18150,0.0217,1.0,35.83
18160,0.0217,1.0,35.85
18170,0.0216,1.0,35.86
18180,0.0216,1.0,35.88
18190,0.0216,1.0,35.9
18200,0.0216,1.0,35.92
18210,0.0216,1.0,35.94
18220,0.0216,1.0,35.96
18230,0.0216,1.0,35.98
18240,0.0215,1.0,36.0
18250,0.0215,1.0,36.02
18260,0.0215,1.0,36.04
18270,0.0215,1.0,36.06
18280,0.0215,1.0,36.08
18290,0.0215,1.0,36.1
18300,0.0214,1.0,36.12
18310,0.0214,1.0,36.14
18320,0.0214,1.0,36.16
18330,0.0214,1.0,36.18
18340,0.0214,1.0,36.2
18350,0.0214,1.0,36.21
18360,0.0214,1.0,36.23
18370,0.0213,1.0,36.25
18380,0.0213,1.0,36.27
18390,0.0213,1.0,36.29
18400,0.0213,1.0,36.31
18410,0.0213,1.0,36.33
18420,0.0213,1.0,36.35
18430,0.0212,1.0,36.37
18440,0.0212,1.0,36.39
18450,0.0212,1.0,36.41
18460,0.0212,1.0,36.43
18470,0.0212,1.0,36.45
18480,0.0212,1.0,36.47
18490,0.0212,1.0,36.49
18500,0.0211,1.0,36.5
18510,0.0211,1.0,36.52
18520,0.0211,1.0,36.54
18530,0.0211,1.0,36.56
18540,0.0211,1.0,36.58
18550,0.0211,1.0,36.6
18560,0.0211,1.0,36.62
18570,0.021,1.0,36.64
18580,0.021,1.0,36.66
18590,0.021,1.0,36.68
18600,0.021,1.0,36.7
18610,0.021,1.0,36.72
18620,0.021,1.0,36.74
18630,0.021,1.0,36.76
18640,0.0209,1.0,36.78
18650,0.0209,1.0,36.8
18660,0.0209,1.0,36.81
18670,0.0209,1.0,36.83
18680,0.0209,1.0,36.85
18690,0.0209,1.0,36.87
18700,0.0208,1.0,36.89
18710,0.0208,1.0,36.91
18720,0.0208,1.0,36.93
18730,0.0208,1.0,36.95
18740,0.0208,1.0,36.97
18750,0.0208,1.0,36.99
18760,0.0208,1.0,37.01
18770,0.0207,1.0,37.03
18780,0.0207,1.0,37.05
18790,0.0207,1.0,37.07
18800,0.0207,1.0,37.08
18810,0.0207,1.0,37.1
18820,0.0207,1.0,37.12
18830,0.0207,1.0,37.14
18840,0.0206,1.0,37.16
18850,0.0206,1.0,37.18
18860,0.0206,1.0,37.2
18870,0.0206,1.0,37.22
18880,0.0206,1.0,37.24
18890,0.0206,1.0,37.26
18900,0.0206,1.0,37.28
18910,0.0205,1.0,37.3
18920,0.0205,1.0,37.32
18930,0.0205,1.0,37.34
18940,0.0205,1.0,37.36
18950,0.0205,1.0,37.38
18960,0.0205,1.0,37.4
18970,0.0205,1.0,37.42
18980,0.0205,1.0,37.44
18990,0.0204,1.0,37.46
19000,0.0204,1.0,37.48
19010,0.0204,1.0,37.5
19020,0.0204,1.0,37.52
19030,0.0204,1.0,37.54
19040,0.0204,1.0,37.56
19050,0.0204,1.0,37.58
19060,0.0203,1.0,37.6
19070,0.0203,1.0,37.62
19080,0.0203,1.0,37.64
19090,0.0203,1.0,37.66
19100,0.0203,1.0,37.68
19110,0.0203,1.0,37.69
19120,0.0203,1.0,37.71
19130,0.0202,1.0,37.73
19140,0.0202,1.0,37.75
19150,0.0202,1.0,37.77
19160,0.0202,1.0,37.79
19170,0.0202,1.0,37.81
19180,0.0202,1.0,37.83
19190,0.0202,1.0,37.85
19200,0.0201,1.0,37.87
19210,0.0201,1.0,37.89
19220,0.0201,1.0,37.91
19230,0.0201,1.0,37.93
19240,0.0201,1.0,37.95
19250,0.0201,1.0,37.97
19260,0.0201,1.0,37.99
19270,0.0201,1.0,38.01
19280,0.02,1.0,38.02
19290,0.02,1.0,38.04
19300,0.02,1.0,38.06
19310,0.02,1.0,38.08
19320,0.02,1.0,38.1
19330,0.02,1.0,38.12
19340,0.02,1.0,38.14
19350,0.0199,1.0,38.16
19360,0.0199,1.0,38.18
19370,0.0199,1.0,38.2
19380,0.0199,1.0,38.22
19390,0.0199,1.0,38.24
19400,0.0199,1.0,38.26
19410,0.0199,1.0,38.28
19420,0.0199,1.0,38.3
19430,0.0198,1.0,38.32
19440,0.0198,1.0,38.34
19450,0.0198,1.0,38.35
19460,0.0198,1.0,38.37
19470,0.0198,1.0,38.39
19480,0.0198,1.0,38.41
19490,0.0198,1.0,38.43
19500,0.0197,1.0,38.45
19510,0.0197,1.0,38.47
19520,0.0197,1.0,38.49
19530,0.0197,1.0,38.51
19540,0.0197,1.0,38.53
19550,0.0197,1.0,38.55
19560,0.0197,1.0,38.57
19570,0.0197,1.0,38.59
19580,0.0196,1.0,38.61
19590,0.0196,1.0,38.63
19600,0.0196,1.0,38.64
19610,0.0196,1.0,38.66
19620,0.0196,1.0,38.68
19630,0.0196,1.0,38.7
19640,0.0196,1.0,38.72
19650,0.0196,1.0,38.74
19660,0.0195,1.0,38.76
19670,0.0195,1.0,38.78
19680,0.0195,1.0,38.8
19690,0.0195,1.0,38.82
19700,0.0195,1.0,38.84
19710,0.0195,1.0,38.86
19720,0.0195,1.0,38.88
19730,0.0195,1.0,38.9
19740,0.0194,1.0,38.91
19750,0.0194,1.0,38.93
19760,0.0194,1.0,38.95
19770,0.0194,1.0,38.97
19780,0.0194,1.0,38.99
19790,0.0194,1.0,39.01
19800,0.0194,1.0,39.03
19810,0.0193,1.0,39.05
19820,0.0193,1.0,39.07
19830,0.0193,1.0,39.09
19840,0.0193,1.0,39.11
19850,0.0193,1.0,39.13
19860,0.0193,1.0,39.15
19870,0.0193,1.0,39.17
19880,0.0193,1.0,39.18
19890,0.0192,1.0,39.2
19900,0.0192,1.0,39.22
19910,0.0192,1.0,39.24
19920,0.0192,1.0,39.26
19930,0.0192,1.0,39.28
19940,0.0192,1.0,39.3
19950,0.0192,1.0,39.32
19960,0.0192,1.0,39.34
19970,0.0192,1.0,39.36
19980,0.0191,1.0,39.38
19990,0.0191,1.0,39.4
20000,0.0191,1.0,39.42
20010,0.0191,1.0,39.44
20020,0.0191,1.0,39.45
20030,0.0191,1.0,39.47
20040,0.0191,1.0,39.49
20050,0.0191,1.0,39.51
20060,0.019,1.0,39.53
20070,0.019,1.0,39.55
20080,0.019,1.0,39.57
20090,0.019,1.0,39.59
20100,0.019,1.0,39.61
20110,0.019,1.0,39.63
20120,0.019,1.0,39.65
20130,0.019,1.0,39.67
20140,0.0189,1.0,39.69
20150,0.0189,1.0,39.71
20160,0.0189,1.0,39.73
20170,0.0189,1.0,39.75
20180,0.0189,1.0,39.77
20190,0.0189,1.0,39.78
20200,0.0189,1.0,39.8
20210,0.0189,1.0,39.82
20220,0.0188,1.0,39.84
20230,0.0188,1.0,39.86
20240,0.0188,1.0,39.88
20250,0.0188,1.0,39.9
20260,0.0188,1.0,39.92
20270,0.0188,1.0,39.94
20280,0.0188,1.0,39.96
20290,0.0188,1.0,39.98
20300,0.0188,1.0,40.0
20310,0.0187,1.0,40.02
20320,0.0187,1.0,40.03
20330,0.0187,1.0,40.05
20340,0.0187,1.0,40.07
20350,0.0187,1.0,40.09
20360,0.0187,1.0,40.11
20370,0.0187,1.0,40.13
20380,0.0187,1.0,40.15
20390,0.0186,1.0,40.17
20400,0.0186,1.0,40.19
20410,0.0186,1.0,40.21
20420,0.0186,1.0,40.23
20430,0.0186,1.0,40.25
20440,0.0186,1.0,40.27
20450,0.0186,1.0,40.29
20460,0.0186,1.0,40.32
20470,0.0186,1.0,40.34
20480,0.0185,1.0,40.36
20490,0.0185,1.0,40.38
20500,0.0185,1.0,40.4
20510,0.0185,1.0,40.42
20520,0.0185,1.0,40.44
20530,0.0185,1.0,40.45
20540,0.0185,1.0,40.47
20550,0.0185,1.0,40.49
20560,0.0185,1.0,40.51
20570,0.0184,1.0,40.53
20580,0.0184,1.0,40.55
20590,0.0184,1.0,40.57
20600,0.0184,1.0,40.59
20610,0.0184,1.0,40.61
20620,0.0184,1.0,40.63
20630,0.0184,1.0,40.65
20640,0.0184,1.0,40.67
20650,0.0183,1.0,40.69
20660,0.0183,1.0,40.71
20670,0.0183,1.0,40.72
20680,0.0183,1.0,40.74
20690,0.0183,1.0,40.76
20700,0.0183,1.0,40.78
20710,0.0183,1.0,40.8
20720,0.0183,1.0,40.82
20730,0.0183,1.0,40.84
20740,0.0182,1.0,40.86
20750,0.0182,1.0,40.88
20760,0.0182,1.0,40.9
20770,0.0182,1.0,40.92
20780,0.0182,1.0,40.95
20790,0.0182,1.0,40.97
20800,0.0182,1.0,40.99
20810,0.0182,1.0,41.01
20820,0.0182,1.0,41.03
20830,0.0181,1.0,41.05
20840,0.0181,1.0,41.07
20850,0.0181,1.0,41.09
20860,0.0181,1.0,41.11
20870,0.0181,1.0,41.13
20880,0.0181,1.0,41.15
20890,0.0181,1.0,41.17
20900,0.0181,1.0,41.19
20910,0.0181,1.0,41.21
20920,0.018,1.0,41.22
20930,0.018,1.0,41.24
20940,0.018,1.0,41.26
20950,0.018,1.0,41.28
20960,0.018,1.0,41.3
20970,0.018,1.0,41.32
20980,0.018,1.0,41.34
20990,0.018,1.0,41.36
21000,0.018,1.0,41.38
21010,0.0179,1.0,41.4
21020,0.0179,1.0,41.42
21030,0.0179,1.0,41.44
21040,0.0179,1.0,41.46
21050,0.0179,1.0,41.47
21060,0.0179,1.0,41.49
21070,0.0179,1.0,41.51
21080,0.0179,1.0,41.53
21090,0.0179,1.0,41.55
21100,0.0179,1.0,41.57
21110,0.0178,1.0,41.59
21120,0.0178,1.0,41.61
21130,0.0178,1.0,41.63
21140,0.0178,1.0,41.65
21150,0.0178,1.0,41.67
21160,0.0178,1.0,41.69
21170,0.0178,1.0,41.71
21180,0.0178,1.0,41.73
21190,0.0178,1.0,41.74
21200,0.0177,1.0,41.76
21210,0.0177,1.0,41.78
21220,0.0177,1.0,41.8
21230,0.0177,1.0,41.82
21240,0.0177,1.0,41.84
21250,0.0177,1.0,41.86
21260,0.0177,1.0,41.88
21270,0.0177,1.0,41.9
21280,0.0177,1.0,41.92
21290,0.0176,1.0,41.94
21300,0.0176,1.0,41.96
21310,0.0176,1.0,41.98
21320,0.0176,1.0,42.0
21330,0.0176,1.0,42.02
21340,0.0176,1.0,42.04
21350,0.0176,1.0,42.06
21360,0.0176,1.0,42.08
21370,0.0176,1.0,42.1
21380,0.0176,1.0,42.11
21390,0.0175,1.0,42.13
21400,0.0175,1.0,42.15
21410,0.0175,1.0,42.17
21420,0.0175,1.0,42.19
21430,0.0175,1.0,42.21
21440,0.0175,1.0,42.23
21450,0.0175,1.0,42.25
21460,0.0175,1.0,42.27
21470,0.0175,1.0,42.29
21480,0.0175,1.0,42.31
21490,0.0174,1.0,42.33
21500,0.0174,1.0,42.34
21510,0.0174,1.0,42.36
21520,0.0174,1.0,42.38
21530,0.0174,1.0,42.4
21540,0.0174,1.0,42.42
21550,0.0174,1.0,42.44
21560,0.0174,1.0,42.46
21570,0.0174,1.0,42.48
21580,0.0174,1.0,42.5
21590,0.0173,1.0,42.52
21600,0.0173,1.0,42.54
21610,0.0173,1.0,42.56
21620,0.0173,1.0,42.57
21630,0.0173,1.0,42.59
21640,0.0173,1.0,42.61
21650,0.0173,1.0,42.63
21660,0.0173,1.0,42.65
21670,0.0173,1.0,42.67
21680,0.0172,1.0,42.69
21690,0.0172,1.0,42.71
21700,0.0172,1.0,42.73
21710,0.0172,1.0,42.75
21720,0.0172,1.0,42.77
21730,0.0172,1.0,42.79
21740,0.0172,1.0,42.81
21750,0.0172,1.0,42.83
21760,0.0172,1.0,42.85
21770,0.0172,1.0,42.87
21780,0.0171,1.0,42.88
21790,0.0171,1.0,42.9
21800,0.0171,1.0,42.92
21810,0.0171,1.0,42.94
21820,0.0171,1.0,42.96
21830,0.0171,1.0,42.98
21840,0.0171,1.0,43.0
21850,0.0171,1.0,43.02
21860,0.0171,1.0,43.04
21870,0.0171,1.0,43.06
21880,0.0171,1.0,43.08
21890,0.017,1.0,43.1
21900,0.017,1.0,43.12
21910,0.017,1.0,43.14
21920,0.017,1.0,43.16
21930,0.017,1.0,43.18
21940,0.017,1.0,43.19
21950,0.017,1.0,43.21
21960,0.017,1.0,43.23
21970,0.017,1.0,43.25
21980,0.017,1.0,43.27
21990,0.0169,1.0,43.29
22000,0.0169,1.0,43.31
22010,0.0169,1.0,43.33
22020,0.0169,1.0,43.35
22030,0.0169,1.0,43.37
22040,0.0169,1.0,43.39
22050,0.0169,1.0,43.41
22060,0.0169,1.0,43.43
22070,0.0169,1.0,43.45
22080,0.0169,1.0,43.47
22090,0.0168,1.0,43.48
22100,0.0168,1.0,43.5
22110,0.0168,1.0,43.52
22120,0.0168,1.0,43.54
22130,0.0168,1.0,43.56
22140,0.0168,1.0,43.58
22150,0.0168,1.0,43.6
22160,0.0168,1.0,43.62
22170,0.0168,1.0,43.64
22180,0.0168,1.0,43.66
22190,0.0168,1.0,43.68
22200,0.0167,1.0,43.69
22210,0.0167,1.0,43.71
22220,0.0167,1.0,43.73
22230,0.0167,1.0,43.75
22240,0.0167,1.0,43.77
22250,0.0167,1.0,43.79
22260,0.0167,1.0,43.81
22270,0.0167,1.0,43.83
22280,0.0167,1.0,43.85
22290,0.0167,1.0,43.87
22300,0.0166,1.0,43.89
22310,0.0166,1.0,43.91
22320,0.0166,1.0,43.93
22330,0.0166,1.0,43.94
22340,0.0166,1.0,43.96
22350,0.0166,1.0,43.98
22360,0.0166,1.0,44.0
22370,0.0166,1.0,44.02
22380,0.0166,1.0,44.04
22390,0.0166,1.0,44.06
22400,0.0166,1.0,44.08
22410,0.0165,1.0,44.1
22420,0.0165,1.0,44.12
22430,0.0165,1.0,44.14
22440,0.0165,1.0,44.16
22450,0.0165,1.0,44.17
22460,0.0165,1.0,44.19
22470,0.0165,1.0,44.21
22480,0.0165,1.0,44.23
22490,0.0165,1.0,44.25
22500,0.0165,1.0,44.27
22510,0.0165,1.0,44.29
22520,0.0164,1.0,44.31
22530,0.0164,1.0,44.33
22540,0.0164,1.0,44.35
22550,0.0164,1.0,44.37
22560,0.0164,1.0,44.39
22570,0.0164,1.0,44.41
22580,0.0164,1.0,44.43
22590,0.0164,1.0,44.44
22600,0.0164,1.0,44.46
22610,0.0164,1.0,44.48
22620,0.0164,1.0,44.5
22630,0.0163,1.0,44.52
22640,0.0163,1.0,44.54
22650,0.0163,1.0,44.56
22660,0.0163,1.0,44.58
22670,0.0163,1.0,44.6
22680,0.0163,1.0,44.62
22690,0.0163,1.0,44.64
22700,0.0163,1.0,44.66
22710,0.0163,1.0,44.68
22720,0.0163,1.0,44.7
22730,0.0163,1.0,44.71
22740,0.0162,1.0,44.73
22750,0.0162,1.0,44.75
22760,0.0162,1.0,44.77
22770,0.0162,1.0,44.79
22780,0.0162,1.0,44.81
22790,0.0162,1.0,44.83
22800,0.0162,1.0,44.85
22810,0.0162,1.0,44.87
22820,0.0162,1.0,44.89
22830,0.0162,1.0,44.91
22840,0.0162,1.0,44.93
22850,0.0161,1.0,44.95
22860,0.0161,1.0,44.97
22870,0.0161,1.0,44.98
22880,0.0161,1.0,45.0
22890,0.0161,1.0,45.02
22900,0.0161,1.0,45.04
22910,0.0161,1.0,45.06
22920,0.0161,1.0,45.12
22930,0.0161,1.0,45.14
22940,0.0161,1.0,45.16
22950,0.0161,1.0,45.18
22960,0.0161,1.0,45.2
22970,0.016,1.0,45.22
22980,0.016,1.0,45.24
22990,0.016,1.0,45.26
23000,0.016,1.0,45.28
23010,0.016,1.0,45.3
23020,0.016,1.0,45.32
23030,0.016,1.0,45.34
23040,0.016,1.0,45.36
23050,0.016,1.0,45.38
23060,0.016,1.0,45.4
23070,0.016,1.0,45.42
23080,0.0159,1.0,45.44
23090,0.0159,1.0,45.46
23100,0.0159,1.0,45.47
23110,0.0159,1.0,45.49
23120,0.0159,1.0,45.51
23130,0.0159,1.0,45.53
23140,0.0159,1.0,45.55
23150,0.0159,1.0,45.57
23160,0.0159,1.0,45.59
23170,0.0159,1.0,45.61
23180,0.0159,1.0,45.63
23190,0.0159,1.0,45.65
23200,0.0158,1.0,45.67
23210,0.0158,1.0,45.69
23220,0.0158,1.0,45.71
23230,0.0158,1.0,45.73
23240,0.0158,1.0,45.75
23250,0.0158,1.0,45.77
23260,0.0158,1.0,45.78
23270,0.0158,1.0,45.8
23280,0.0158,1.0,45.82
23290,0.0158,1.0,45.84
23300,0.0158,1.0,45.86
23310,0.0158,1.0,45.88
23320,0.0157,1.0,45.9
23330,0.0157,1.0,45.92
23340,0.0157,1.0,45.94
23350,0.0157,1.0,45.96
23360,0.0157,1.0,45.98
23370,0.0157,1.0,46.0
23380,0.0157,1.0,46.02
23390,0.0157,1.0,46.03
23400,0.0157,1.0,46.05
23410,0.0157,1.0,46.07
23420,0.0157,1.0,46.09
23430,0.0156,1.0,46.11
23440,0.0156,1.0,46.13
23450,0.0156,1.0,46.15
23460,0.0156,1.0,46.17
23470,0.0156,1.0,46.19
23480,0.0156,1.0,46.21
23490,0.0156,1.0,46.23
23500,0.0156,1.0,46.25
23510,0.0156,1.0,46.27
23520,0.0156,1.0,46.29
23530,0.0156,1.0,46.3
23540,0.0156,1.0,46.32
23550,0.0156,1.0,46.34
23560,0.0155,1.0,46.36
23570,0.0155,1.0,46.38
23580,0.0155,1.0,46.4
23590,0.0155,1.0,46.42
23600,0.0155,1.0,46.44
23610,0.0155,1.0,46.46
23620,0.0155,1.0,46.48
23630,0.0155,1.0,46.5
23640,0.0155,1.0,46.52
23650,0.0155,1.0,46.53
23660,0.0155,1.0,46.55
23670,0.0155,1.0,46.57
23680,0.0154,1.0,46.59
23690,0.0154,1.0,46.61
23700,0.0154,1.0,46.63
23710,0.0154,1.0,46.65
23720,0.0154,1.0,46.67
23730,0.0154,1.0,46.69
23740,0.0154,1.0,46.71
23750,0.0154,1.0,46.73
23760,0.0154,1.0,46.75
23770,0.0154,1.0,46.77
23780,0.0154,1.0,46.79
23790,0.0154,1.0,46.8
23800,0.0153,1.0,46.82
23810,0.0153,1.0,46.84
23820,0.0153,1.0,46.86
23830,0.0153,1.0,46.88
23840,0.0153,1.0,46.9
23850,0.0153,1.0,46.92
23860,0.0153,1.0,46.94
23870,0.0153,1.0,46.96
23880,0.0153,1.0,46.98
23890,0.0153,1.0,47.0
23900,0.0153,1.0,47.02
23910,0.0153,1.0,47.04
23920,0.0153,1.0,47.06
23930,0.0152,1.0,47.07
23940,0.0152,1.0,47.09
23950,0.0152,1.0,47.11
23960,0.0152,1.0,47.13
23970,0.0152,1.0,47.15
23980,0.0152,1.0,47.17
23990,0.0152,1.0,47.19
24000,0.0152,1.0,47.21
24010,0.0152,1.0,47.23
24020,0.0152,1.0,47.25
24030,0.0152,1.0,47.27
24040,0.0152,1.0,47.29
24050,0.0152,1.0,47.31
24060,0.0151,1.0,47.33
24070,0.0151,1.0,47.35
24080,0.0151,1.0,47.37
24090,0.0151,1.0,47.39
24100,0.0151,1.0,47.41
24110,0.0151,1.0,47.43
24120,0.0151,1.0,47.45
24130,0.0151,1.0,47.46
24140,0.0151,1.0,47.48
24150,0.0151,1.0,47.5
24160,0.0151,1.0,47.52
24170,0.0151,1.0,47.54
24180,0.015,1.0,47.56
24190,0.015,1.0,47.58
24200,0.015,1.0,47.6
24210,0.015,1.0,47.62
24220,0.015,1.0,47.64
24230,0.015,1.0,47.66
24240,0.015,1.0,47.68
24250,0.015,1.0,47.7
24260,0.015,1.0,47.71
24270,0.015,1.0,47.73
24280,0.015,1.0,47.75
24290,0.015,1.0,47.77
24300,0.015,1.0,47.79
24310,0.015,1.0,47.81
24320,0.0149,1.0,47.83
24330,0.0149,1.0,47.85
24340,0.0149,1.0,47.87
24350,0.0149,1.0,47.89
24360,0.0149,1.0,47.91
24370,0.0149,1.0,47.93
24380,0.0149,1.0,47.95
24390,0.0149,1.0,47.96
24400,0.0149,1.0,47.98
24410,0.0149,1.0,48.0
24420,0.0149,1.0,48.02
24430,0.0149,1.0,48.04
24440,0.0149,1.0,48.06
24450,0.0148,1.0,48.08
24460,0.0148,1.0,48.1
24470,0.0148,1.0,48.12
24480,0.0148,1.0,48.14
24490,0.0148,1.0,48.16
24500,0.0148,1.0,48.18
24510,0.0148,1.0,48.2
24520,0.0148,1.0,48.22
24530,0.0148,1.0,48.24
24540,0.0148,1.0,48.26
24550,0.0148,1.0,48.27
24560,0.0148,1.0,48.29
24570,0.0148,1.0,48.31
24580,0.0147,1.0,48.33
24590,0.0147,1.0,48.35
24600,0.0147,1.0,48.37
24610,0.0147,1.0,48.39
24620,0.0147,1.0,48.41
24630,0.0147,1.0,48.43
24640,0.0147,1.0,48.45
24650,0.0147,1.0,48.47
24660,0.0147,1.0,48.49
24670,0.0147,1.0,48.51
24680,0.0147,1.0,48.53
24690,0.0147,1.0,48.54
24700,0.0147,1.0,48.56
24710,0.0147,1.0,48.58
24720,0.0146,1.0,48.6
24730,0.0146,1.0,48.62
24740,0.0146,1.0,48.64
24750,0.0146,1.0,48.66
24760,0.0146,1.0,48.68
24770,0.0146,1.0,48.7
24780,0.0146,1.0,48.72
24790,0.0146,1.0,48.74
24800,0.0146,1.0,48.76
24810,0.0146,1.0,48.78
24820,0.0146,1.0,48.79
24830,0.0146,1.0,48.81
24840,0.0146,1.0,48.83
24850,0.0146,1.0,48.85
24860,0.0145,1.0,48.87
24870,0.0145,1.0,48.89
24880,0.0145,1.0,48.91
24890,0.0145,1.0,48.93
24900,0.0145,1.0,48.95
24910,0.0145,1.0,48.97
24920,0.0145,1.0,48.99
24930,0.0145,1.0,49.01
24940,0.0145,1.0,49.03
24950,0.0145,1.0,49.05
24960,0.0145,1.0,49.07
24970,0.0145,1.0,49.09
24980,0.0145,1.0,49.11
24990,0.0145,1.0,49.13
25000,0.0144,1.0,49.15
25010,0.0144,1.0,49.17
25020,0.0144,1.0,49.19
25030,0.0144,1.0,49.21
25040,0.0144,1.0,49.23
25050,0.0144,1.0,49.25
25060,0.0144,1.0,49.27
25070,0.0144,1.0,49.29
25080,0.0144,1.0,49.31
25090,0.0144,1.0,49.33
25100,0.0144,1.0,49.35
25110,0.0144,1.0,49.37
25120,0.0144,1.0,49.38
25130,0.0144,1.0,49.4
25140,0.0143,1.0,49.42
25150,0.0143,1.0,49.44
25160,0.0143,1.0,49.46
25170,0.0143,1.0,49.48
25180,0.0143,1.0,49.5
25190,0.0143,1.0,49.52
25200,0.0143,1.0,49.54
25210,0.0143,1.0,49.56
25220,0.0143,1.0,49.58
25230,0.0143,1.0,49.6
25240,0.0143,1.0,49.62
25250,0.0143,1.0,49.64
25260,0.0143,1.0,49.66
25270,0.0143,1.0,49.68
25280,0.0142,1.0,49.69
25290,0.0142,1.0,49.71
25300,0.0142,1.0,49.73
25310,0.0142,1.0,49.75
25320,0.0142,1.0,49.77
25330,0.0142,1.0,49.79
25340,0.0142,1.0,49.81
25350,0.0142,1.0,49.83
25360,0.0142,1.0,49.85
25370,0.0142,1.0,49.87
25380,0.0142,1.0,49.89
25390,0.0142,1.0,49.91
25400,0.0142,1.0,49.93
25410,0.0142,1.0,49.95
25420,0.0142,1.0,49.97
25430,0.0141,1.0,49.99
25440,0.0141,1.0,50.01
25450,0.0141,1.0,50.03
25460,0.0141,1.0,50.04
25470,0.0141,1.0,50.06
25480,0.0141,1.0,50.08
25490,0.0141,1.0,50.1
25500,0.0141,1.0,50.12
25510,0.0141,1.0,50.14
25520,0.0141,1.0,50.16
25530,0.0141,1.0,50.18
25540,0.0141,1.0,50.2
25550,0.0141,1.0,50.22
25560,0.0141,1.0,50.24
25570,0.014,1.0,50.26
25580,0.014,1.0,50.28
25590,0.014,1.0,50.3
25600,0.014,1.0,50.32
25610,0.014,1.0,50.34
25620,0.014,1.0,50.35
25630,0.014,1.0,50.37
25640,0.014,1.0,50.39
25650,0.014,1.0,50.41
25660,0.014,1.0,50.43
25670,0.014,1.0,50.45
25680,0.014,1.0,50.47
25690,0.014,1.0,50.49
25700,0.014,1.0,50.51
25710,0.014,1.0,50.53
25720,0.0139,1.0,50.55
25730,0.0139,1.0,50.57
25740,0.0139,1.0,50.59
25750,0.0139,1.0,50.6
25760,0.0139,1.0,50.62
25770,0.0139,1.0,50.64
25780,0.0139,1.0,50.66
25790,0.0139,1.0,50.68
25800,0.0139,1.0,50.7
25810,0.0139,1.0,50.72
25820,0.0139,1.0,50.74
25830,0.0139,1.0,50.76
25840,0.0139,1.0,50.78
25850,0.0139,1.0,50.8
25860,0.0139,1.0,50.82
25870,0.0138,1.0,50.84
25880,0.0138,1.0,50.86
25890,0.0138,1.0,50.87
25900,0.0138,1.0,50.89
25910,0.0138,1.0,50.91
25920,0.0138,1.0,50.93
25930,0.0138,1.0,50.95
25940,0.0138,1.0,50.97
25950,0.0138,1.0,50.99
25960,0.0138,1.0,51.01
25970,0.0138,1.0,51.03
25980,0.0138,1.0,51.05
25990,0.0138,1.0,51.07
26000,0.0138,1.0,51.09
26010,0.0138,1.0,51.11
26020,0.0138,1.0,51.13
26030,0.0137,1.0,51.15
26040,0.0137,1.0,51.16
26050,0.0137,1.0,51.18
26060,0.0137,1.0,51.2
26070,0.0137,1.0,51.22
26080,0.0137,1.0,51.24
26090,0.0137,1.0,51.26
26100,0.0137,1.0,51.28
26110,0.0137,1.0,51.3
26120,0.0137,1.0,51.32
26130,0.0137,1.0,51.34
26140,0.0137,1.0,51.36
26150,0.0137,1.0,51.38
26160,0.0137,1.0,51.39
26170,0.0137,1.0,51.41
26180,0.0136,1.0,51.43
26190,0.0136,1.0,51.45
26200,0.0136,1.0,51.47
26210,0.0136,1.0,51.49
26220,0.0136,1.0,51.51
26230,0.0136,1.0,51.53
26240,0.0136,1.0,51.55
26250,0.0136,1.0,51.57
26260,0.0136,1.0,51.59
26270,0.0136,1.0,51.61
26280,0.0136,1.0,51.63
26290,0.0136,1.0,51.65
26300,0.0136,1.0,51.67
26310,0.0136,1.0,51.69
26320,0.0136,1.0,51.72
26330,0.0136,1.0,51.74
26340,0.0135,1.0,51.76
26350,0.0135,1.0,51.78
26360,0.0135,1.0,51.8
26370,0.0135,1.0,51.82
26380,0.0135,1.0,51.84
26390,0.0135,1.0,51.86
26400,0.0135,1.0,51.88
26410,0.0135,1.0,51.9
26420,0.0135,1.0,51.92
26430,0.0135,1.0,51.94
26440,0.0135,1.0,51.96
26450,0.0135,1.0,51.98
26460,0.0135,1.0,52.0
26470,0.0135,1.0,52.02
26480,0.0135,1.0,52.04
26490,0.0135,1.0,52.06
26500,0.0134,1.0,52.08
26510,0.0134,1.0,52.1
26520,0.0134,1.0,52.12
26530,0.0134,1.0,52.14
26540,0.0134,1.0,52.16
26550,0.0134,1.0,52.18
26560,0.0134,1.0,52.2
26570,0.0134,1.0,52.21
26580,0.0134,1.0,52.23
26590,0.0134,1.0,52.25
26600,0.0134,1.0,52.27
26610,0.0134,1.0,52.29
26620,0.0134,1.0,52.31
26630,0.0134,1.0,52.33
26640,0.0134,1.0,52.35
26650,0.0134,1.0,52.37
26660,0.0133,1.0,52.39
26670,0.0133,1.0,52.41
26680,0.0133,1.0,52.43
26690,0.0133,1.0,52.45
26700,0.0133,1.0,52.46
26710,0.0133,1.0,52.48
26720,0.0133,1.0,52.5
26730,0.0133,1.0,52.52
26740,0.0133,1.0,52.54
26750,0.0133,1.0,52.56
26760,0.0133,1.0,52.58
26770,0.0133,1.0,52.6
26780,0.0133,1.0,52.62
26790,0.0133,1.0,52.64
26800,0.0133,1.0,52.66
26810,0.0133,1.0,52.68
26820,0.0133,1.0,52.7
26830,0.0132,1.0,52.72
26840,0.0132,1.0,52.73
26850,0.0132,1.0,52.75
26860,0.0132,1.0,52.77
26870,0.0132,1.0,52.79
26880,0.0132,1.0,52.81
26890,0.0132,1.0,52.83
26900,0.0132,1.0,52.85
26910,0.0132,1.0,52.87
26920,0.0132,1.0,52.89
26930,0.0132,1.0,52.91
26940,0.0132,1.0,52.93
26950,0.0132,1.0,52.95
26960,0.0132,1.0,52.98
26970,0.0132,1.0,53.02
26980,0.0132,1.0,53.04
26990,0.0132,1.0,53.06
27000,0.0131,1.0,53.08
27010,0.0131,1.0,53.1
27020,0.0131,1.0,53.12
27030,0.0131,1.0,53.14
27040,0.0131,1.0,53.16
27050,0.0131,1.0,53.18
27060,0.0131,1.0,53.2
27070,0.0131,1.0,53.22
27080,0.0131,1.0,53.25
27090,0.0131,1.0,53.27
27100,0.0131,1.0,53.29
27110,0.0131,1.0,53.31
27120,0.0131,1.0,53.33
27130,0.0131,1.0,53.35
27140,0.0131,1.0,53.37
27150,0.0131,1.0,53.39
27160,0.0131,1.0,53.4
27170,0.013,1.0,53.42
27180,0.013,1.0,53.44
27190,0.013,1.0,53.46
27200,0.013,1.0,53.48
27210,0.013,1.0,53.5
27220,0.013,1.0,53.52
27230,0.013,1.0,53.54
27240,0.013,1.0,53.56
27250,0.013,1.0,53.58
27260,0.013,1.0,53.6
27270,0.013,1.0,53.62
27280,0.013,1.0,53.64
27290,0.013,1.0,53.66
27300,0.013,1.0,53.67
27310,0.013,1.0,53.69
27320,0.013,1.0,53.71
27330,0.013,1.0,53.73
27340,0.0129,1.0,53.75
27350,0.0129,1.0,53.77
27360,0.0129,1.0,53.79
27370,0.0129,1.0,53.81
27380,0.0129,1.0,53.83
27390,0.0129,1.0,53.85
27400,0.0129,1.0,53.87
27410,0.0129,1.0,53.89
27420,0.0129,1.0,53.91
27430,0.0129,1.0,53.93
27440,0.0129,1.0,53.95
27450,0.0129,1.0,53.97
27460,0.0129,1.0,53.99
27470,0.0129,1.0,54.01
27480,0.0129,1.0,54.03
27490,0.0129,1.0,54.05
27500,0.0129,1.0,54.07
27510,0.0129,1.0,54.08
27520,0.0128,1.0,54.1
27530,0.0128,1.0,54.12
27540,0.0128,1.0,54.14
27550,0.0128,1.0,54.16
27560,0.0128,1.0,54.18
27570,0.0128,1.0,54.2
27580,0.0128,1.0,54.22
27590,0.0128,1.0,54.24
27600,0.0128,1.0,54.26
27610,0.0128,1.0,54.28
27620,0.0128,1.0,54.3
27630,0.0128,1.0,54.32
27640,0.0128,1.0,54.34
27650,0.0128,1.0,54.36
27660,0.0128,1.0,54.37
27670,0.0128,1.0,54.39
27680,0.0128,1.0,54.41
27690,0.0127,1.0,54.43
27700,0.0127,1.0,54.45
27710,0.0127,1.0,54.47
27720,0.0127,1.0,54.49
27730,0.0127,1.0,54.51
27740,0.0127,1.0,54.53
27750,0.0127,1.0,54.55
27760,0.0127,1.0,54.57
27770,0.0127,1.0,54.59
27780,0.0127,1.0,54.61
27790,0.0127,1.0,54.63
27800,0.0127,1.0,54.65
27810,0.0127,1.0,54.67
27820,0.0127,1.0,54.68
27830,0.0127,1.0,54.7
27840,0.0127,1.0,54.72
27850,0.0127,1.0,54.75
27860,0.0127,1.0,54.77
27870,0.0126,1.0,54.79
27880,0.0126,1.0,54.81
27890,0.0126,1.0,54.83
27900,0.0126,1.0,54.85
27910,0.0126,1.0,54.87
27920,0.0126,1.0,54.88
27930,0.0126,1.0,54.9
27940,0.0126,1.0,54.92
27950,0.0126,1.0,54.94
27960,0.0126,1.0,54.96
27970,0.0126,1.0,54.98
27980,0.0126,1.0,55.0
27990,0.0126,1.0,55.02
28000,0.0126,1.0,55.04
28010,0.0126,1.0,55.06
28020,0.0126,1.0,55.08
28030,0.0126,1.0,55.1
28040,0.0126,1.0,55.12
28050,0.0126,1.0,55.14
28060,0.0125,1.0,55.16
28070,0.0125,1.0,55.18
28080,0.0125,1.0,55.2
28090,0.0125,1.0,55.22
28100,0.0125,1.0,55.23
28110,0.0125,1.0,55.25
28120,0.0125,1.0,55.27
28130,0.0125,1.0,55.29
28140,0.0125,1.0,55.31
28150,0.0125,1.0,55.33
28160,0.0125,1.0,55.35
28170,0.0125,1.0,55.37
28180,0.0125,1.0,55.39
28190,0.0125,1.0,55.41
28200,0.0125,1.0,55.43
28210,0.0125,1.0,55.45
28220,0.0125,1.0,55.47
28230,0.0125,1.0,55.49
28240,0.0124,1.0,55.5
28250,0.0124,1.0,55.52
28260,0.0124,1.0,55.54
28270,0.0124,1.0,55.56
28280,0.0124,1.0,55.58
28290,0.0124,1.0,55.6
28300,0.0124,1.0,55.62
28310,0.0124,1.0,55.64
28320,0.0124,1.0,55.66
28330,0.0124,1.0,55.68
28340,0.0124,1.0,55.7
28350,0.0124,1.0,55.72
28360,0.0124,1.0,55.74
28370,0.0124,1.0,55.76
28380,0.0124,1.0,55.78
28390,0.0124,1.0,55.8
28400,0.0124,1.0,55.82
28410,0.0124,1.0,55.84
28420,0.0124,1.0,55.85
28430,0.0123,1.0,55.87
28440,0.0123,1.0,55.89
28450,0.0123,1.0,55.91
28460,0.0123,1.0,55.93
28470,0.0123,1.0,55.95
28480,0.0123,1.0,55.97
28490,0.0123,1.0,55.99
28500,0.0123,1.0,56.01
28510,0.0123,1.0,56.03
28520,0.0123,1.0,56.05
28530,0.0123,1.0,56.08
28540,0.0123,1.0,56.1
28550,0.0123,1.0,56.11
28560,0.0123,1.0,56.13
28570,0.0123,1.0,56.15
28580,0.0123,1.0,56.17
28590,0.0123,1.0,56.19
28600,0.0123,1.0,56.21
28610,0.0123,1.0,56.23
28620,0.0123,1.0,56.25
28630,0.0122,1.0,56.27
28640,0.0122,1.0,56.29
28650,0.0122,1.0,56.31
28660,0.0122,1.0,56.33
28670,0.0122,1.0,56.35
28680,0.0122,1.0,56.37
28690,0.0122,1.0,56.39
28700,0.0122,1.0,56.41
28710,0.0122,1.0,56.43
28720,0.0122,1.0,56.44
28730,0.0122,1.0,56.46
28740,0.0122,1.0,56.48
28750,0.0122,1.0,56.5
28760,0.0122,1.0,56.52
28770,0.0122,1.0,56.54
28780,0.0122,1.0,56.56
28790,0.0122,1.0,56.58
28800,0.0122,1.0,56.6
28810,0.0122,1.0,56.62
28820,0.0121,1.0,56.64
28830,0.0121,1.0,56.66
28840,0.0121,1.0,56.68
28850,0.0121,1.0,56.7
28860,0.0121,1.0,56.72
28870,0.0121,1.0,56.74
28880,0.0121,1.0,56.76
28890,0.0121,1.0,56.78
28900,0.0121,1.0,56.8
28910,0.0121,1.0,56.82
28920,0.0121,1.0,56.84
28930,0.0121,1.0,56.86
28940,0.0121,1.0,56.88
28950,0.0121,1.0,56.9
28960,0.0121,1.0,56.92
28970,0.0121,1.0,56.94
28980,0.0121,1.0,56.96
28990,0.0121,1.0,56.98
29000,0.0121,1.0,57.0
29010,0.0121,1.0,57.02
29020,0.012,1.0,57.04
29030,0.012,1.0,57.06
29040,0.012,1.0,57.08
29050,0.012,1.0,57.1
29060,0.012,1.0,57.12
29070,0.012,1.0,57.14
29080,0.012,1.0,57.16
29090,0.012,1.0,57.18
29100,0.012,1.0,57.2
29110,0.012,1.0,57.22
29120,0.012,1.0,57.24
29130,0.012,1.0,57.26
29140,0.012,1.0,57.27
29150,0.012,1.0,57.29
29160,0.012,1.0,57.31
29170,0.012,1.0,57.33
29180,0.012,1.0,57.35
29190,0.012,1.0,57.37
29200,0.012,1.0,57.39
29210,0.012,1.0,57.41
29220,0.0119,1.0,57.43
29230,0.0119,1.0,57.45
29240,0.0119,1.0,57.47
29250,0.0119,1.0,57.49
29260,0.0119,1.0,57.51
29270,0.0119,1.0,57.53
29280,0.0119,1.0,57.55
29290,0.0119,1.0,57.57
29300,0.0119,1.0,57.59
29310,0.0119,1.0,57.61
29320,0.0119,1.0,57.63
29330,0.0119,1.0,57.65
29340,0.0119,1.0,57.67
29350,0.0119,1.0,57.69
29360,0.0119,1.0,57.71
29370,0.0119,1.0,57.73
29380,0.0119,1.0,57.75
29390,0.0119,1.0,57.77
29400,0.0119,1.0,57.79
29410,0.0119,1.0,57.81
29420,0.0119,1.0,57.83
29430,0.0118,1.0,57.85
29440,0.0118,1.0,57.87
29450,0.0118,1.0,57.89
29460,0.0118,1.0,57.91
29470,0.0118,1.0,57.93
29480,0.0118,1.0,57.95
29490,0.0118,1.0,57.97
29500,0.0118,1.0,57.99
29510,0.0118,1.0,58.01
29520,0.0118,1.0,58.03
29530,0.0118,1.0,58.05
29540,0.0118,1.0,58.07
29550,0.0118,1.0,58.09
29560,0.0118,1.0,58.11
29570,0.0118,1.0,58.13
29580,0.0118,1.0,58.15
29590,0.0118,1.0,58.17
29600,0.0118,1.0,58.19
29610,0.0118,1.0,58.21
29620,0.0118,1.0,58.22
29630,0.0118,1.0,58.24
29640,0.0117,1.0,58.26
29650,0.0117,1.0,58.28
29660,0.0117,1.0,58.3
29670,0.0117,1.0,58.32
29680,0.0117,1.0,58.34
29690,0.0117,1.0,58.36
29700,0.0117,1.0,58.38
29710,0.0117,1.0,58.4
29720,0.0117,1.0,58.42
29730,0.0117,1.0,58.44
29740,0.0117,1.0,58.46
29750,0.0117,1.0,58.48
29760,0.0117,1.0,58.5
29770,0.0117,1.0,58.52
29780,0.0117,1.0,58.54
29790,0.0117,1.0,58.56
29800,0.0117,1.0,58.58
29810,0.0117,1.0,58.6
29820,0.0117,1.0,58.62
29830,0.0117,1.0,58.64
29840,0.0117,1.0,58.65
29850,0.0116,1.0,58.67
29860,0.0116,1.0,58.69
29870,0.0116,1.0,58.71
29880,0.0116,1.0,58.73
29890,0.0116,1.0,58.75
29900,0.0116,1.0,58.77
29910,0.0116,1.0,58.79
29920,0.0116,1.0,58.81
29930,0.0116,1.0,58.83
29940,0.0116,1.0,58.85
29950,0.0116,1.0,58.87
29960,0.0116,1.0,58.89
29970,0.0116,1.0,58.92
29980,0.0116,1.0,58.94
29990,0.0116,1.0,58.96
