step,train_bce_mean,wall_s
0,0.7020202875137329,0.13342983304755762
1,0.6964055299758911,0.15668712503975257
2,0.6862053275108337,0.17204500001389533
3,0.671373188495636,0.19191583304200321
4,0.6542084813117981,0.208053958020173
5,0.6333679556846619,0.22463937505381182
6,0.6120277643203735,0.23921937501290813
7,0.5886700749397278,0.2539887500461191
8,0.5647672414779663,0.2690277080400847
9,0.542521059513092,0.28311933303484693
10,0.5176548957824707,0.2970055830082856
11,0.49633729457855225,0.31079245801083744
12,0.47755491733551025,0.3246853330056183
13,0.4603583514690399,0.33809195802314207
14,0.440655380487442,0.35214770800666884
15,0.42180460691452026,0.3670685830293223
16,0.4077003002166748,0.3812940830248408
17,0.39312583208084106,0.39669537503505126
18,0.3807230293750763,0.41311212501022965
19,0.36714810132980347,0.42669733305228874
20,0.361672967672348,0.44049391604494303
21,0.3512314260005951,0.45443416602211073
22,0.3441934287548065,0.46898620802676305
23,0.334602952003479,0.4835735410451889
24,0.3315781354904175,0.4980006660334766
25,0.3173062205314636,0.5117274580406956
26,0.30951985716819763,0.5258231250336394
27,0.31532320380210876,0.5408426659996621
28,0.30995434522628784,0.5543666660087183
29,0.30330461263656616,0.5677290830062702
30,0.29682907462120056,0.5813810000545345
31,0.30042311549186707,0.5952265830128454
32,0.29582804441452026,0.6088486660155468
33,0.29556331038475037,0.6229967910330743
34,0.28932398557662964,0.6351643750094809
35,0.2845289707183838,0.6474245000281371
36,0.29659968614578247,0.6626852500485256
37,0.2849574685096741,0.675853458000347
38,0.2822059392929077,0.6891125000547618
39,0.2902989685535431,0.7020800830214284
40,0.28961947560310364,0.7148547500255518
41,0.2834688127040863,0.7295744580333121
42,0.2753553092479706,0.7440315000130795
43,0.27980831265449524,0.7581337080337107
44,0.27955320477485657,0.7727741250419058
45,0.284891813993454,0.786756708053872
46,0.2821495234966278,0.8000273750512861
47,0.27772432565689087,0.8150866660289466
48,0.2768108546733856,0.8301923750550486
49,0.27965039014816284,0.8431464160094038
50,0.2770121097564697,0.9324088330031373
51,0.2756384313106537,0.9478200410376303
52,0.282083123922348,0.9631012080353685
53,0.27919021248817444,0.9773469160427339
54,0.27336135506629944,0.9922315830481239
55,0.28225040435791016,1.0062603330006823
56,0.27074751257896423,1.0206580000231043
57,0.2679469883441925,1.0346198330516927
58,0.26553988456726074,1.0491029580007307
59,0.27273693680763245,1.0639202080201358
60,0.2777784764766693,1.078881416004151
61,0.2695041000843048,1.093832666054368
62,0.27750471234321594,1.1091666250140406
63,0.2811397314071655,1.124305458040908
64,0.26810210943222046,1.1391809160122648
65,0.27425622940063477,1.1550297500216402
66,0.267197847366333,1.169336250051856
67,0.26686474680900574,1.1846685000346042
68,0.27000904083251953,1.2005197910475545
69,0.26858752965927124,1.2142997910268605
70,0.2729687988758087,1.229691625048872
71,0.2721385657787323,1.2442651660530828
72,0.2764397859573364,1.2588973750243895
73,0.2798560559749603,1.275158791046124
74,0.2618522047996521,1.290347500005737
75,0.27580100297927856,1.3080295830150135
76,0.27140170335769653,1.3241440830170177
77,0.2678227424621582,1.339621083054226
78,0.2695944607257843,1.356113208050374
79,0.26299402117729187,1.3727027080021799
80,0.27066275477409363,1.3879385410109535
81,0.26825132966041565,1.4037387910066172
82,0.2675381600856781,1.4199196660192683
83,0.2723464369773865,1.4359556660056114
84,0.2661800682544708,1.4529605830321088
85,0.270717591047287,1.467945791024249
86,0.2698737382888794,1.48526845802553
87,0.2729938328266144,1.5002251660334878
88,0.26725754141807556,1.5154239580151625
89,0.26758623123168945,1.5323723330511712
90,0.26872360706329346,1.5480753750307485
91,0.2685004770755768,1.5643470830400474
92,0.2711513340473175,1.5809682910330594
93,0.2662307024002075,1.596934791014064
94,0.2660670578479767,1.611981291032862
95,0.2699686586856842,1.628873708017636
96,0.27005913853645325,1.6448880830430426
97,0.27315694093704224,1.6626734580495395
98,0.2698105275630951,1.6785152910160832
99,0.2736138701438904,1.6941703330376185
100,0.2711819112300873,1.8183161250199191
101,0.26493510603904724,1.8337115830508992
102,0.26599299907684326,1.8477831660420634
103,0.26951977610588074,1.8640331250499003
104,0.2708563506603241,1.8784347500186414
105,0.26542457938194275,1.8928925830405205
106,0.2734009921550751,1.9095888750161976
107,0.2622773349285126,1.9228750000474975
108,0.2640739381313324,1.940167749999091
109,0.2754502296447754,1.9570905830478296
110,0.27315834164619446,1.979281833046116
111,0.263904869556427,2.0027279159985483
112,0.2642810046672821,2.0287882499978878
113,0.2662088871002197,2.069135375029873
114,0.26503732800483704,2.1045575830503367
115,0.2668002247810364,2.1238510830444284
116,0.2689851224422455,2.1538820410496555
117,0.26876839995384216,2.1740200410131365
118,0.27346521615982056,2.189902708050795
119,0.26827722787857056,2.2072584580164403
120,0.26520729064941406,2.2260722080245614
121,0.2676832973957062,2.2438797909999266
122,0.26644036173820496,2.2624177500256337
123,0.27168914675712585,2.280661791039165
124,0.2613665759563446,2.298996250028722
125,0.2646554112434387,2.3171526660444215
126,0.26589134335517883,2.337012250034604
127,0.2677512764930725,2.3558289580396377
128,0.2659878730773926,2.374138125043828
129,0.261062353849411,2.3923870410071686
130,0.2630360424518585,2.413219708018005
131,0.27262595295906067,2.43126091605518
132,0.2679712772369385,2.451793958025519
133,0.2704664170742035,2.4708234580466524
134,0.2637796401977539,2.4894072910537943
135,0.26712799072265625,2.5087205410236493
136,0.261414498090744,2.5305410000146367
137,0.2643187940120697,2.5482560410164297
138,0.2660568952560425,2.5657198750413954
139,0.2695302367210388,2.5839308750000782
140,0.26001060009002686,2.600973666005302
141,0.2658213675022125,2.6194460000260733
142,0.27234312891960144,2.638997416011989
143,0.2649499773979187,2.6579476660117507
144,0.2748833894729614,2.6757715410203673
145,0.2710864841938019,2.6955987910041586
146,0.2682679295539856,2.713911166007165
147,0.2662545442581177,2.7445990000269376
148,0.2632492482662201,2.7638962080236524
149,0.2607685625553131,2.7846457910491154
150,0.2625424861907959,2.899619916046504
151,0.2710798382759094,2.9148590000113472
152,0.2751142382621765,2.9317600410431623
153,0.2739589214324951,2.949078666046262
154,0.2636977732181549,2.96652391605312
155,0.2660527527332306,2.982215541007463
156,0.26264795660972595,3.001218500023242
157,0.2555724084377289,3.018108333053533
158,0.26772502064704895,3.0349685000255704
159,0.2714232802391052,3.050852583022788
160,0.2597195506095886,3.065425625012722
161,0.262992799282074,3.0785530830034986
162,0.25866320729255676,3.095685708045494
163,0.25987708568573,3.1112702500540763
164,0.26893001794815063,3.1268322080140933
165,0.27360212802886963,3.145182083011605
166,0.26652267575263977,3.1654392910422757
167,0.26318007707595825,3.182454666006379
168,0.2615341544151306,3.2006511660292745
169,0.26334062218666077,3.217643416021019
170,0.2687940001487732,3.2344930410035886
171,0.26665860414505005,3.249593915999867
172,0.26613035798072815,3.2641889580409043
173,0.264401912689209,3.2794961660401896
174,0.2653900682926178,3.2965557080460712
175,0.25451740622520447,3.3141762500163168
176,0.26474687457084656,3.33280262502376
177,0.2671430706977844,3.3521308750496246
178,0.25989091396331787,3.370916041021701
179,0.26434972882270813,3.3921385830035433
180,0.26439008116722107,3.410402541048825
181,0.2662661075592041,3.4279465410509147
182,0.26086530089378357,3.448313291009981
183,0.2686227858066559,3.468496708024759
184,0.26035451889038086,3.486489541013725
185,0.26548290252685547,3.5064062910387293
186,0.26870009303092957,3.5282102080527693
187,0.2661820948123932,3.54858908301685
188,0.27435821294784546,3.5690184580162168
189,0.27024921774864197,3.5865531250019558
190,0.26643410325050354,3.6074837910127826
191,0.27246662974357605,3.6265300000086427
192,0.2695598006248474,3.6431934160063975
193,0.2619011700153351,3.682913125026971
194,0.26035845279693604,3.750674791052006
195,0.2639746069908142,3.7934889580355957
196,0.2665342390537262,3.8644232080550864
197,0.26821738481521606,3.9220782080083154
198,0.26968976855278015,3.962079040997196
199,0.2652096450328827,3.984190415998455
200,0.25789743661880493,4.123545166046824
201,0.27008572220802307,4.143147958035115
202,0.26028478145599365,4.181340375042055
203,0.27115398645401,4.198690833000001
204,0.26486945152282715,4.216810666024685
205,0.26528435945510864,4.235085625026841
206,0.2676655054092407,4.25002850004239
207,0.26339274644851685,4.266796583018731
208,0.26575323939323425,4.281594750005752
209,0.2694837152957916,4.297447750053834
210,0.2646336257457733,4.31260879104957
211,0.2606503963470459,4.329973541025538
212,0.2653118371963501,4.352126250043511
213,0.2651612162590027,4.373523832997307
214,0.2649380564689636,4.391737458005082
215,0.2639053761959076,4.413122208032291
216,0.2696082293987274,4.441002166015096
217,0.26686641573905945,4.4676732500083745
218,0.2605188190937042,4.5294539160095155
219,0.26655319333076477,4.5462713750312105
220,0.2608833611011505,4.585660750046372
221,0.26298287510871887,4.604206832998898
222,0.26959627866744995,4.623500415997114
223,0.26980116963386536,4.642204875010066
224,0.2716794013977051,4.659757625020575
225,0.25561854243278503,4.681834958028048
226,0.2621457576751709,4.701293416030239
227,0.2610797584056854,4.7197091660345905
228,0.2656443417072296,4.738336583017372
229,0.2637251019477844,4.762205750041176
230,0.2618969678878784,4.79080579103902
231,0.26639190316200256,4.809871916018892
232,0.26944756507873535,4.828925041016191
233,0.26227134466171265,4.849113333038986
234,0.26408103108406067,4.872419166029431
235,0.25965380668640137,4.898409833025653
236,0.2657008469104767,4.924290708033368
237,0.26515817642211914,4.949273833015468
238,0.26418840885162354,4.970127500011586
239,0.26634180545806885,4.987849458004348
240,0.2675880491733551,5.006061000050977
241,0.26108333468437195,5.0250147500191815
242,0.26380208134651184,5.042378666053992
243,0.2634333074092865,5.05994741601171
244,0.2647020220756531,5.0775016660336405
245,0.26714539527893066,5.098248708003666
246,0.2608660161495209,5.121484375034925
247,0.2598199248313904,5.174351082998328
248,0.2700233459472656,5.2123668330023065
249,0.2711356580257416,5.232890583050903
250,0.26614508032798767,5.373287708032876
251,0.2653033435344696,5.3917094159987755
252,0.26704543828964233,5.409039375022985
253,0.26213425397872925,5.424908375018276
254,0.26259660720825195,5.447215416003019
255,0.2668853998184204,5.4654125410015695
256,0.2643774449825287,5.482710000011139
257,0.27257415652275085,5.500083708029706
258,0.2643698751926422,5.517616208002437
259,0.26683908700942993,5.534469625039492
260,0.26837411522865295,5.552813083049841
261,0.2682105004787445,5.569553958019242
262,0.268033891916275,5.586399457999505
263,0.2763464152812958,5.602187875017989
264,0.2668491005897522,5.617682500043884
265,0.265031635761261,5.633397625002544
266,0.26008176803588867,5.6487279160064645
267,0.26193347573280334,5.666411541053094
268,0.2627760171890259,5.682567041018046
269,0.2545699179172516,5.6991943750181235
270,0.26876991987228394,5.715418166015297
271,0.2606203556060791,5.73025708302157
272,0.2704108655452728,5.745038416003808
273,0.26795685291290283,5.759782833047211
274,0.26598116755485535,5.775464000005741
275,0.2678055763244629,5.7904470000066794
276,0.261996865272522,5.805172708001919
277,0.26269105076789856,5.820601000043098
278,0.2648511826992035,5.8356843330548145
279,0.26329678297042847,5.850276708020829
280,0.25760215520858765,5.864894375030417
281,0.25943103432655334,5.881933458033018
282,0.26547178626060486,5.897736500017345
283,0.2600378692150116,5.912497791054193
284,0.26189014315605164,5.927451125055086
285,0.2683347463607788,5.94142341602128
286,0.26332029700279236,5.954178791027516
287,0.2615581154823303,5.965574125002604
288,0.2582419514656067,6.027725916006602
289,0.26040947437286377,6.03892583301058
290,0.2630005478858948,6.051414416055195
291,0.26082777976989746,6.069121208041906
292,0.2569964528083801,6.080116958008148
293,0.26584288477897644,6.092506375047378
294,0.26578444242477417,6.104170333012007
295,0.26299038529396057,6.1153125000419095
296,0.26255929470062256,6.125962750054896
297,0.27011460065841675,6.136860124999657
298,0.2638223469257355,6.147805708053056
299,0.2661449611186981,6.168382875039242
300,0.2728697955608368,6.245764625025913
301,0.26170140504837036,6.255562833044678
302,0.2623266279697418,6.266343333001714
303,0.263704389333725,6.276123083021957
304,0.2603199779987335,6.2862859580200166
305,0.263982355594635,6.296721500053536
306,0.2605745494365692,6.306968916032929
307,0.26483967900276184,6.316688958031591
308,0.27241051197052,6.326477208000142
309,0.2633023262023926,6.335657041054219
310,0.2631312310695648,6.344597541028634
311,0.2664804458618164,6.354328958026599
312,0.26324284076690674,6.363845958025195
313,0.2582070231437683,6.37364491604967
314,0.265269011259079,6.38493041601032
315,0.26186972856521606,6.396808750054333
316,0.25640320777893066,6.40840733301593
317,0.2650972604751587,6.420220916043036
318,0.26130416989326477,6.431623041047715
319,0.26484641432762146,6.44367891602451
320,0.2568506896495819,6.456353957997635
321,0.2648477256298065,6.47015750000719
322,0.2614288628101349,6.482067375036422
323,0.267363578081131,6.492498208011966
324,0.27456173300743103,6.505213416006882
325,0.2623089849948883,6.518490250047762
326,0.2648603320121765,6.530785958049819
327,0.2700749635696411,6.544607290998101
328,0.2682366967201233,6.559331416036002
329,0.26139014959335327,6.574069624999538
330,0.26610639691352844,6.589503208000679
331,0.27193647623062134,6.60377604101086
332,0.25810372829437256,6.619554083037656
333,0.2652326822280884,6.634125416050665
334,0.2668134570121765,6.652294333034661
335,0.2617175579071045,6.668955000001006
336,0.2593459188938141,6.687892083020415
337,0.26859015226364136,6.701163333025761
338,0.26224520802497864,6.713863791024778
339,0.27228865027427673,6.728917458036449
340,0.2628980576992035,6.743694708042312
341,0.2634308338165283,6.757297833042685
342,0.2643604576587677,6.770617041038349
343,0.25933876633644104,6.785575665999204
344,0.26218605041503906,6.799407375045121
345,0.2638297975063324,6.815589250007179
346,0.2580164968967438,6.827183791028801
347,0.2662642002105713,6.839694666035939
348,0.26522713899612427,6.852440500049852
349,0.262474924325943,6.865820458042435
350,0.25528860092163086,6.958456375054084
351,0.2604682147502899,6.970793375046924
352,0.26061180233955383,6.983192500018049
353,0.2645999491214752,6.995574458036572
354,0.2618810534477234,7.007579166034702
355,0.2595246136188507,7.020491375005804
356,0.26736047863960266,7.033248291001655
357,0.2574893534183502,7.045398791029584
358,0.2659267485141754,7.058286250045057
359,0.2652556002140045,7.070640999998432
360,0.2595475912094116,7.083831500029191
361,0.2640531659126282,7.096043708035722
362,0.2642538249492645,7.109074833046179
363,0.2662240266799927,7.12237479101168
364,0.25759968161582947,7.135422916035168
365,0.2696397006511688,7.147884000034537
366,0.2635956406593323,7.162088291021064
367,0.26273152232170105,7.175917166052386
368,0.26368197798728943,7.189582833030727
369,0.263863205909729,7.203064500004984
370,0.2638653814792633,7.217917166010011
371,0.2680402100086212,7.231295666017104
372,0.26160863041877747,7.245730750029907
373,0.26539289951324463,7.259347000042908
374,0.26263540983200073,7.271921875013504
375,0.27358347177505493,7.285286833008286
376,0.26793810725212097,7.301442666037474
377,0.25694456696510315,7.313156791031361
378,0.2645540237426758,7.326399666024372
379,0.25622114539146423,7.339741875010077
380,0.26525187492370605,7.3523806250304915
381,0.26913246512413025,7.365206583053805
382,0.26874470710754395,7.377467208018061
383,0.2652113437652588,7.3893396250205114
384,0.26152437925338745,7.401261040999088
385,0.2552393078804016,7.413628833019175
386,0.27445361018180847,7.4260427910485305
387,0.27151617407798767,7.438044791051652
388,0.26818960905075073,7.451771583000664
389,0.2592204511165619,7.464886708010454
390,0.26445308327674866,7.478205999999773
391,0.2619323432445526,7.491725625004619
392,0.26438525319099426,7.5053056250326335
393,0.26324498653411865,7.517898583028
394,0.2560509145259857,7.532126208010595
395,0.26990678906440735,7.545405833050609
396,0.2683803141117096,7.558766291011125
397,0.2619550824165344,7.572074833035003
398,0.2678629159927368,7.585454208019655
399,0.2624671757221222,7.597132166032679
400,0.26761648058891296,7.677726041001733
401,0.2655204236507416,7.690516583039425
402,0.25959715247154236,7.70167245803168
403,0.25993508100509644,7.7154301250120625
404,0.26482146978378296,7.730171625036746
405,0.26077958941459656,7.743799791031051
406,0.27318447828292847,7.758483583049383
407,0.27230724692344666,7.771988750027958
408,0.26498374342918396,7.785017250047531
409,0.2647060751914978,7.798887208045926
410,0.2662103772163391,7.813565833028406
411,0.2594307065010071,7.827254833013285
412,0.2635693848133087,7.839902958017774
413,0.2602859437465668,7.851958250044845
414,0.2648862302303314,7.867850166046992
415,0.2564007341861725,7.8818038330064155
416,0.2663610279560089,7.895285833044909
417,0.2676104009151459,7.908483208040707
418,0.2664616107940674,7.919770416046958
419,0.2654021084308624,7.929788916022517
420,0.26893892884254456,7.942469375033397
421,0.2597540616989136,7.956193916033953
422,0.2650904655456543,7.970877875050064
423,0.2579856514930725,7.984697125037201
424,0.2607724070549011,7.997461332997773
425,0.2625136375427246,8.013755375053734
426,0.25740620493888855,8.032000833016355
427,0.2608712613582611,8.048757250013296
428,0.25724899768829346,8.067137041012757
429,0.2593633234500885,8.086992166005075
430,0.2668318748474121,8.10048166604247
431,0.27237826585769653,8.11540008301381
432,0.26066824793815613,8.145025458012242
433,0.2612847685813904,8.165794083033688
434,0.2657458484172821,8.181095791049302
435,0.2605113387107849,8.20171862503048
436,0.263958603143692,8.222861832997296
437,0.2683245837688446,8.238283375045285
438,0.26083245873451233,8.251427083043382
439,0.25957000255584717,8.265669625019655
440,0.2635243535041809,8.281069625052623
441,0.2698971629142761,8.30706037505297
442,0.26173341274261475,8.326513333013281
443,0.2583519220352173,8.342620750016067
444,0.26133647561073303,8.360130250046495
445,0.26994216442108154,8.37963545799721
446,0.2656053304672241,8.393205458007287
447,0.26360559463500977,8.408452708041295
448,0.2613055408000946,8.423758833028842
449,0.2696574032306671,8.438121166022029
450,0.26020681858062744,8.617452416045126
451,0.257048636674881,8.649128875054885
452,0.26594430208206177,8.666011332999915
453,0.2666398882865906,8.678579666011501
454,0.25624537467956543,8.690603041031864
455,0.2527087926864624,8.702535500051454
456,0.26542556285858154,8.715428000024986
457,0.26919522881507874,8.727538333041593
458,0.26902294158935547,8.739892583049368
459,0.2650314271450043,8.751943208044395
460,0.26121386885643005,8.764369625016116
461,0.2734107971191406,8.777104958018754
462,0.26383736729621887,8.791084166034125
463,0.25921106338500977,8.806702083034907
464,0.2623096704483032,8.821115583006758
465,0.2674550414085388,8.835831333009992
466,0.2661924660205841,8.84698254102841
467,0.2591865360736847,8.867810458003078
468,0.258961021900177,8.882181041000877
469,0.2654714584350586,8.897206749999896
470,0.2640114426612854,8.908693791017868
471,0.25577813386917114,8.922006000007968
472,0.270611971616745,8.935845708008856
473,0.2677881121635437,8.95105512504233
474,0.2670120298862457,8.965443875000346
475,0.254143089056015,8.977365041035227
476,0.26286348700523376,8.990822457999457
477,0.2643878161907196,9.004843541013543
478,0.2597879469394684,9.018395333027001
479,0.26620033383369446,9.032860750041436
480,0.26704320311546326,9.047168500022963
481,0.25472381711006165,9.059014458034653
482,0.2636767029762268,9.071815208008047
483,0.26381775736808777,9.0849585000542
484,0.2664968967437744,9.098580666002817
485,0.2684711217880249,9.115985166048631
486,0.2650248110294342,9.132593125046697
487,0.26381221413612366,9.149561875034124
488,0.2600821852684021,9.166802708001342
489,0.25947389006614685,9.18614616600098
490,0.2645488381385803,9.202723207999952
491,0.26101577281951904,9.219537583005149
492,0.25886157155036926,9.234484000015073
493,0.268218457698822,9.254573125042953
494,0.2690456211566925,9.272602416051086
495,0.26825809478759766,9.285396708000917
496,0.26339060068130493,9.310901500051841
497,0.26286858320236206,9.32775875000516
498,0.2684277296066284,9.345787708007265
499,0.2643412947654724,9.365394166030455
500,0.2692607641220093,9.469922375050373
501,0.26222357153892517,9.488619666022714
502,0.25872689485549927,9.515646333049517
503,0.2642238438129425,9.53657379100332
504,0.2563607394695282,9.557044333021622
505,0.2641662657260895,9.578339916013647
506,0.2728641927242279,9.596773458004463
507,0.2699974477291107,9.612743208010215
508,0.2625400424003601,9.632579541008454
509,0.26542070508003235,9.649719500041101
510,0.26126188039779663,9.668597875046544
511,0.25761187076568604,9.686244208016433
512,0.2660253047943115,9.701398583012633
513,0.26058727502822876,9.720995125011541
514,0.26626306772232056,9.744758790999185
515,0.2620607316493988,9.767675000010058
516,0.2684181034564972,9.790683208033442
517,0.2629038393497467,9.8163208750193
518,0.2606957256793976,9.83901804103516
519,0.261110782623291,9.863011833047494
520,0.2610980272293091,9.882697041030042
521,0.2583386301994324,9.906962000008207
522,0.2610796093940735,9.929499500023667
523,0.2693480849266052,9.953138791024685
524,0.25988999009132385,9.978169583017007
525,0.2632571756839752,9.999703750014305
526,0.26357173919677734,10.026014791044872
527,0.2578687369823456,10.04752687504515
528,0.2676154375076294,10.069408458017278
529,0.26367586851119995,10.093385916028637
530,0.2656177282333374,10.11556579102762
531,0.2731581926345825,10.13890383305261
532,0.26415523886680603,10.162011916050687
533,0.2614574432373047,10.18454050004948
534,0.25726085901260376,10.204818250029348
535,0.261884480714798,10.225485958042555
536,0.26423078775405884,10.244384457997512
537,0.2627330422401428,10.260993250005413
538,0.2638750970363617,10.27780783304479
539,0.2630660831928253,10.295530416013207
540,0.26703616976737976,10.3164057500544
541,0.26230084896087646,10.337795541039668
542,0.2576589286327362,10.359584625053685
543,0.2647179067134857,10.382508333015721
544,0.2645135223865509,10.405014208052307
545,0.26506420969963074,10.4361379580223
546,0.26781219244003296,10.469297250034288
547,0.2591134309768677,10.510612625046633
548,0.2600027322769165,10.549016875040252
549,0.26960206031799316,10.603114500001539
550,0.2646641731262207,10.875929791014642
551,0.2607306241989136,10.918197332997806
552,0.2611508369445801,10.971856000018306
553,0.26642662286758423,11.004030750016682
554,0.2644694149494171,11.036974291026127
555,0.26677826046943665,11.070678666001186
556,0.26428017020225525,11.103090958029497
557,0.26344922184944153,11.137001249997411
558,0.2616841197013855,11.164006250037346
559,0.2647411823272705,11.202844041050412
560,0.2612729072570801,11.241641125001479
561,0.2600444555282593,11.2803474580287
562,0.26085224747657776,11.326475791051053
563,0.2531833052635193,11.374198500008788
564,0.2697897255420685,11.42033650004305
565,0.2646595239639282,11.459874125022907
566,0.2617115080356598,11.493478165997658
567,0.26699960231781006,11.528692040999886
568,0.26435714960098267,11.563829332997557
569,0.2577517330646515,11.604518125008326
570,0.2636737823486328,11.63964416604722
571,0.26464778184890747,11.674565332999919
572,0.2653195858001709,11.716599041013978
573,0.2627406120300293,11.756592500023544
574,0.2681508958339691,11.800664583046455
575,0.2732486426830292,11.841238916036673
576,0.26296958327293396,11.888677416020073
577,0.2577471435070038,11.933270666049793
578,0.2637268304824829,11.975787291012239
579,0.26481249928474426,12.007077208021656
580,0.2626652717590332,12.043790125055239
581,0.256600558757782,12.087310666043777
582,0.26551932096481323,12.126232166017871
583,0.2688401937484741,12.16556816600496
584,0.26575782895088196,12.195439750037622
585,0.2649489939212799,12.231174208049197
586,0.26279017329216003,12.26062658301089
587,0.2575888931751251,12.294131583010312
588,0.27027708292007446,12.330015416024253
589,0.2619227468967438,12.358961250050925
590,0.2597039043903351,12.39140679105185
591,0.2668669819831848,12.457111416035332
592,0.2683674991130829,12.52422837499762
593,0.2644972801208496,12.56944425002439
594,0.26612985134124756,12.615444041031878
595,0.25526443123817444,12.65019683301216
596,0.26448971033096313,12.674074000038672
597,0.261679470539093,12.696311166044325
598,0.255785197019577,12.722422916034702
599,0.26456353068351746,12.744130208040588
600,0.2630174458026886,12.91797041601967
601,0.2682575285434723,12.94651491602417
602,0.26412197947502136,12.975978625006974
603,0.2645362913608551,13.00423583301017
604,0.25588494539260864,13.032906625012401
605,0.26501888036727905,13.061013791011646
606,0.2611203193664551,13.08901875000447
607,0.25903475284576416,13.11471595801413
608,0.2672784924507141,13.138568291033152
609,0.2628248631954193,13.166528708010446
610,0.2582748234272003,13.201050791016314
611,0.2638578712940216,13.231410541047808
612,0.26892712712287903,13.256871000048704
613,0.25792059302330017,13.288140125048812
614,0.26279717683792114,13.316864208027255
615,0.26798394322395325,13.346922541037202
616,0.259101003408432,13.38114825001685
617,0.2576897144317627,13.402363333036192
618,0.262774258852005,13.426183416042477
619,0.260960191488266,13.4493392080185
620,0.2623540759086609,13.472305916016921
621,0.2659279704093933,13.493506666040048
622,0.2747666537761688,13.515117958013434
623,0.25864431262016296,13.536189500009641
624,0.2658759355545044,13.562195791047998
625,0.2612462043762207,13.58617437502835
626,0.2677497863769531,13.608249333046842
627,0.26275137066841125,13.634511000011116
628,0.2690029740333557,13.655921416007914
629,0.2640165686607361,13.679904250020627
630,0.26456403732299805,13.702519208018202
631,0.26139581203460693,13.72543825005414
632,0.26527801156044006,13.749347875011154
633,0.26696449518203735,13.771854332997464
634,0.2633371353149414,13.799497333006002
635,0.26385828852653503,13.823851250053849
636,0.2550028860569,13.851248416001908
637,0.2642427682876587,13.876969291013665
638,0.25813019275665283,13.90185654105153
639,0.2573999762535095,13.928742541000247
640,0.2642843723297119,13.95319162501255
641,0.2581009864807129,13.984991000033915
642,0.26587754487991333,14.023088041052688
643,0.27091848850250244,14.08010533300694
644,0.2589694559574127,14.12756412505405
645,0.25952422618865967,14.197295707999729
646,0.26751062273979187,14.252864958019927
647,0.26343029737472534,14.290334457997233
648,0.26688677072525024,14.32294229103718
649,0.26739999651908875,14.35221250000177
650,0.2639313042163849,14.532404500001576
651,0.26355499029159546,14.562298250035383
652,0.2656397521495819,14.58601962501416
653,0.2611830532550812,14.611229625006672
654,0.2668837308883667,14.635893666010816
655,0.2618425190448761,14.663235416053794
656,0.26508191227912903,14.696152541029733
657,0.25793007016181946,14.725795458012726
658,0.2610224485397339,14.75238966604229
659,0.2680872678756714,14.780378333001863
660,0.25915777683258057,14.808548333006911
661,0.2631347179412842,14.836822833050974
662,0.2664763629436493,14.865074625005946
663,0.26181021332740784,14.890450458042324
664,0.25773462653160095,14.920068875013385
665,0.26124295592308044,14.946137625025585
666,0.27033939957618713,14.972677750047296
667,0.25808191299438477,15.00222850003047
668,0.2586825489997864,15.026711541053373
669,0.26309043169021606,15.053299083025195
670,0.2645176351070404,15.097828708007
671,0.2608264088630676,15.13411854102742
672,0.2606181204319,15.164124583010562
673,0.26878979802131653,15.195863875036594
674,0.2588528096675873,15.225651208020281
675,0.2637311518192291,15.256968750036322
676,0.2617420554161072,15.280961250013206
677,0.26663535833358765,15.310017041047104
678,0.25684815645217896,15.336259666015394
679,0.2725279629230499,15.362714916002005
680,0.26405033469200134,15.394440500007477
681,0.2620140016078949,15.418713416031096
682,0.26506713032722473,15.4504768330371
683,0.2676604390144348,15.484215291042347
684,0.2616206109523773,15.518239916011225
685,0.268245667219162,15.547834625001997
686,0.2645756006240845,15.579065125028137
687,0.26893189549446106,15.61985870799981
688,0.2527761161327362,15.664014750043862
689,0.2586594820022583,15.727063625003211
690,0.2707299590110779,15.76503941603005
691,0.26314055919647217,15.79998216603417
692,0.2548987865447998,15.838207041029818
693,0.265389084815979,15.869938208023086
694,0.2713739275932312,15.89746325003216
695,0.2656593918800354,15.92406883300282
696,0.25666260719299316,15.960788541007787
697,0.26656270027160645,16.05720783304423
698,0.26179537177085876,16.106123375007883
699,0.263964980840683,16.145654125022702
700,0.2658074200153351,16.47196429100586
701,0.2615431547164917,16.500531333032995
702,0.2710435688495636,16.535193375020754
703,0.2634918689727783,16.559203208016697
704,0.2581753134727478,16.591676041018218
705,0.26475441455841064,16.625173791020643
706,0.26726147532463074,16.659842666005716
707,0.2605697512626648,16.687836833007168
708,0.2560763657093048,16.71598995802924
709,0.26077309250831604,16.74548720801249
710,0.2610611617565155,16.784804708033334
711,0.26210811734199524,16.816960041003767
712,0.26526153087615967,16.875160208030138
713,0.2611722946166992,16.90613633301109
714,0.2620755434036255,16.937372000014875
715,0.2621075212955475,16.961130375042558
716,0.2552531659603119,16.989914250036236
717,0.2575133740901947,17.023403500032146
718,0.27516311407089233,17.05565412499709
719,0.2660960853099823,17.08822916605277
720,0.2643682658672333,17.113756583014037
721,0.25959789752960205,17.142239375039935
722,0.2596583068370819,17.177905666001607
723,0.26511484384536743,17.21305833302904
724,0.26895463466644287,17.25066866603447
725,0.26346355676651,17.281107750022784
726,0.26467981934547424,17.325562541023828
727,0.2554405629634857,17.357051666011102
728,0.26676079630851746,17.384186583047267
729,0.26263517141342163,17.41306162503315
730,0.26229581236839294,17.444296166009735
731,0.26903101801872253,17.474535833054688
732,0.26384472846984863,17.498866541020107
733,0.26787689328193665,17.527112625015434
734,0.261752188205719,17.551738875044975
735,0.26606282591819763,17.577483875036705
736,0.2707357704639435,17.60346216603648
737,0.2625420093536377,17.63370558305178
738,0.2598232328891754,17.659007833048236
739,0.266927033662796,17.690362708002795
740,0.26987409591674805,17.71963487501489
741,0.2595195770263672,17.75588641600916
742,0.2640654444694519,17.789163916022517
743,0.26393166184425354,17.81483033305267
744,0.2699027955532074,17.849491458036937
745,0.2596169412136078,17.876508833025582
746,0.2630683481693268,17.90165800001705
747,0.25337493419647217,17.9344813330099
748,0.25881412625312805,17.95880920800846
749,0.26089486479759216,17.98942125000758
750,0.2613820731639862,18.172316500043962
751,0.25687694549560547,18.195393833040725
752,0.2660623788833618,18.21938670804957
753,0.26157841086387634,18.24631220800802
754,0.2634456753730774,18.273243958014064
755,0.26219555735588074,18.30371400003787
756,0.2555198669433594,18.32611316605471
757,0.2652249336242676,18.348087916034274
758,0.26997923851013184,18.376384125032928
759,0.26563191413879395,18.398527083045337
760,0.25946804881095886,18.4296413330012
761,0.25620606541633606,18.455952541029546
762,0.25874045491218567,18.481361166050192
763,0.27079689502716064,18.50963900005445
764,0.2614610493183136,18.535356666019652
765,0.2668340802192688,18.56165808305377
766,0.26730459928512573,18.59378833300434
767,0.2618388235569,18.620203124999534
768,0.2742345631122589,18.647683791001327
769,0.26413390040397644,18.67183341603959
770,0.26224809885025024,18.692860333016142
771,0.26915010809898376,18.71678120800061
772,0.2646767497062683,18.743705666041933
773,0.258658230304718,18.76771208300488
774,0.2557223439216614,18.795179625041783
775,0.2613484859466553,18.820320666010957
776,0.25836366415023804,18.85096595803043
777,0.2618538737297058,18.885459333017934
778,0.26625901460647583,18.91212579101557
779,0.26543453335762024,18.94356579100713
780,0.2685434818267822,18.971389500016812
781,0.25941741466522217,19.002716957998928
782,0.25856325030326843,19.03143979102606
783,0.26739630103111267,19.05869812500896
784,0.26470720767974854,19.08676033304073
785,0.25973644852638245,19.110793916042894
786,0.2693258225917816,19.13361616601469
787,0.258944571018219,19.16206212504767
788,0.2650613784790039,19.194296708039474
789,0.26343873143196106,19.21804816601798
790,0.260510116815567,19.24472458299715
791,0.2598299980163574,19.27157691604225
792,0.27163809537887573,19.300210375047754
793,0.2606739401817322,19.331324250029866
794,0.2596201002597809,19.354040375037584
795,0.26193249225616455,19.379208416037727
796,0.26805227994918823,19.40822320804
797,0.26331549882888794,19.435292250011116
798,0.26328858733177185,19.46218004100956
799,0.26311302185058594,19.48669933300698
800,0.26522934436798096,19.66240866604494
801,0.26648062467575073,19.689631333050784
802,0.26197800040245056,19.714786208001897
803,0.26868027448654175,19.739297916006763
804,0.2637937068939209,19.766702332999557
805,0.26786008477211,19.79311345802853
806,0.26044410467147827,19.824355375021696
807,0.258802205324173,19.846234750002623
808,0.256885826587677,19.87340016604867
809,0.2637232542037964,19.898097083030734
810,0.2700645625591278,19.925647833035327
811,0.2527609169483185,19.954313833033666
812,0.26259198784828186,19.978611916012596
813,0.26074618101119995,20.003906958037987
814,0.26699578762054443,20.0314447080018
815,0.2604351043701172,20.058776875026524
816,0.2668484151363373,20.08323054102948
817,0.26733049750328064,20.111232750001363
818,0.2627180218696594,20.13803233305225
819,0.2641330063343048,20.165334000019357
820,0.25714266300201416,20.190257416048553
821,0.2584572434425354,20.21889416599879
822,0.2653648555278778,20.248053041053936
823,0.2598799765110016,20.27316270803567
824,0.2598399817943573,20.29897670802893
825,0.26413866877555847,20.327655916044023
826,0.25731542706489563,20.35384225001326
827,0.2672085165977478,20.386194040998816
828,0.2633751332759857,20.410320916038472
829,0.262177437543869,20.43753612501314
830,0.26237040758132935,20.463612625026144
831,0.26014408469200134,20.488114166015293
832,0.26103150844573975,20.519349250011146
833,0.2670173645019531,20.54611258301884
834,0.26529040932655334,20.57404375000624
835,0.26059043407440186,20.60023058304796
836,0.2624819278717041,20.624406791001093
837,0.26601240038871765,20.65326820802875
838,0.2615216076374054,20.673805250029545
839,0.26448148488998413,20.69548679102445
840,0.26356032490730286,20.717745291010942
841,0.2569907009601593,20.739211500040255
842,0.2698226273059845,20.763658833049703
843,0.26271799206733704,20.783445583016146
844,0.2660532295703888,20.80433133302722
845,0.2590823471546173,20.82377204101067
846,0.265273779630661,20.84591700002784
847,0.2650830149650574,20.87100104102865
848,0.26551976799964905,20.893233125039842
849,0.26974260807037354,20.91720908303978
850,0.2631198763847351,21.06057787500322
851,0.2633708119392395,21.082451625028625
852,0.2621954083442688,21.104347000014968
853,0.2675732672214508,21.126495333039202
854,0.25936686992645264,21.147580125019886
855,0.2584863603115082,21.168239083024673
856,0.25924038887023926,21.18958454101812
857,0.25973162055015564,21.213144250039477
858,0.26402828097343445,21.234480708022602
859,0.2580163776874542,21.25555958301993
860,0.2602398991584778,21.277660416031722
861,0.26662108302116394,21.29895733302692
862,0.2595621943473816,21.321651250007562
863,0.2596534192562103,21.343178791052196
864,0.26696309447288513,21.364555625012144
865,0.26335498690605164,21.387440083024558
866,0.26891836524009705,21.408279750030488
867,0.262451708316803,21.43074979103403
868,0.2714250981807709,21.453049208037555
869,0.2605149745941162,21.474383791035507
870,0.2701888978481293,21.494494250044227
871,0.25774040818214417,21.516040625050664
872,0.26332977414131165,21.53794062504312
873,0.2654602825641632,21.559036875027232
874,0.25996044278144836,21.57867700001225
875,0.2724880278110504,21.602949375053868
876,0.2650255560874939,21.627523291041143
877,0.262450635433197,21.648146125022322
878,0.2547886371612549,21.668529708054848
879,0.26352331042289734,21.688834375003353
880,0.26334428787231445,21.709632333018817
881,0.2625696659088135,21.730050833022688
882,0.2670183479785919,21.749729666044004
883,0.25466597080230713,21.76949187502032
884,0.2662205398082733,21.789094916020986
885,0.25633594393730164,21.810378708003554
886,0.27537551522254944,21.82982541603269
887,0.2696160078048706,21.854305416054558
888,0.2618504762649536,21.875988583022263
889,0.2606554925441742,21.896531916048843
890,0.2699887752532959,21.91622166603338
891,0.26330244541168213,21.9349833750166
892,0.26731401681900024,21.954782208020333
893,0.2615021765232086,21.97690175002208
894,0.26031240820884705,21.995901665999554
895,0.25911247730255127,22.014035125030205
896,0.2677006721496582,22.032516583043616
897,0.2610463500022888,22.051260750042275
898,0.26182129979133606,22.074178541020956
899,0.25701001286506653,22.091815916006453
900,0.26924845576286316,22.211958666041028
901,0.2650921642780304,22.230023041018285
902,0.2651926279067993,22.24728608300211
903,0.2690452039241791,22.26511279103579
904,0.2585524320602417,22.283152458025143
905,0.2676922678947449,22.300509416032583
906,0.2624669373035431,22.318863458000124
907,0.2666570544242859,22.336460416030604
908,0.2723715603351593,22.354766333010048
909,0.2705303728580475,22.37228370801313
910,0.2621983289718628,22.39044179103803
911,0.26155349612236023,22.40632866602391
912,0.25823891162872314,22.42277795803966
913,0.25860923528671265,22.439858541009016
914,0.26411113142967224,22.456323000020348
915,0.26364630460739136,22.47313145804219
916,0.2657349407672882,22.489523541007657
917,0.26712313294410706,22.50615741603542
918,0.26586779952049255,22.526464875030797
919,0.26601096987724304,22.54325491603231
920,0.26659485697746277,22.559861000045203
921,0.2618323564529419,22.575814291019924
922,0.25901854038238525,22.591039208055008
923,0.2648339867591858,22.60714687500149
924,0.2587515413761139,22.623263416055124
925,0.260824054479599,22.638676958042197
926,0.2654753625392914,22.655136583023705
927,0.2544911801815033,22.671091374999378
928,0.26116743683815,22.687298166041728
929,0.2662437856197357,22.704156375024468
930,0.2570748031139374,22.721015125047415
931,0.2611733675003052,22.737617250008043
932,0.2591533958911896,22.754962583014276
933,0.2571936845779419,22.77245704102097
934,0.2617042064666748,22.789113166043535
935,0.25948840379714966,22.805540500034112
936,0.25355932116508484,22.821526875020936
937,0.2618902921676636,22.83841012499761
938,0.2625686228275299,22.85453300003428
939,0.2618418037891388,22.8727353750146
940,0.2641851305961609,22.88849158299854
941,0.26726868748664856,22.90382208302617
942,0.2634792625904083,22.919424583029468
943,0.2701936960220337,22.934322333021555
944,0.26069527864456177,22.949265541043133
945,0.2600694000720978,22.964941083046142
946,0.26582828164100647,22.98046620801324
947,0.2609431743621826,22.996489500044845
948,0.2600654661655426,23.011908665997908
949,0.2683050334453583,23.026971291052178
950,0.2652602195739746,23.130811458046082
951,0.2594664394855499,23.149061000032816
952,0.2648722529411316,23.166607999999542
953,0.2677628993988037,23.18443424999714
954,0.2599567770957947,23.201057875005063
955,0.269836962223053,23.21646350005176
956,0.2596255838871002,23.23393250000663
957,0.25977662205696106,23.251041708048433
958,0.2625373303890228,23.26782762503717
959,0.26185303926467896,23.284581583051477
960,0.2596546709537506,23.29983070801245
961,0.26213422417640686,23.31602783303242
962,0.2583107054233551,23.33150425000349
963,0.2635592222213745,23.346398458001204
964,0.26401129364967346,23.364741916011553
965,0.26446598768234253,23.37954783299938
966,0.26184242963790894,23.39497545803897
967,0.26482799649238586,23.410516208037734
968,0.26114824414253235,23.426821708038915
969,0.25572463870048523,23.44147800002247
970,0.25944486260414124,23.459361500048544
971,0.2711901068687439,23.47747437504586
972,0.2679007947444916,23.494868625013623
973,0.26487189531326294,23.51093683304498
974,0.2603224515914917,23.52907045802567
975,0.2572614848613739,23.546835708024446
976,0.26094457507133484,23.564906166051514
977,0.264996737241745,23.58198091603117
978,0.2652851641178131,23.600820666004438
979,0.26662692427635193,23.617694166023284
980,0.266602098941803,23.633924833033234
981,0.2640887200832367,23.65108116599731
982,0.26458683609962463,23.66819541604491
983,0.2626725137233734,23.68575566605432
984,0.2600407600402832,23.703292291029356
985,0.26158466935157776,23.720288625045214
986,0.2671218812465668,23.738274916016962
987,0.2652580142021179,23.756056458048988
988,0.26291540265083313,23.772779749997426
989,0.2588765621185303,23.78926287504146
990,0.26463398337364197,23.804865750018507
991,0.25818780064582825,23.82066600001417
992,0.25864550471305847,23.83738679101225
993,0.25784221291542053,23.854245499998797
994,0.2680055797100067,23.872313250030857
995,0.2623180150985718,23.889744416053873
996,0.2726697027683258,23.906981458014343
997,0.26491430401802063,23.92521341604879
998,0.2616696357727051,23.943327750021126
999,0.26621872186660767,23.961040750029497
1000,0.2649795711040497,24.081268625042867
1001,0.2662355601787567,24.09829875000287
1002,0.25989246368408203,24.11479279102059
1003,0.2675391137599945,24.13196795800468
1004,0.2631479799747467,24.148238916008268
1005,0.2618862986564636,24.16463900002418
1006,0.2602000832557678,24.181157958053518
1007,0.2618192732334137,24.198436750040855
1008,0.2644690275192261,24.21576620801352
1009,0.27230527997016907,24.233078040997498
1010,0.26420074701309204,24.250449250044767
1011,0.2627001404762268,24.26789945800556
1012,0.269428014755249,24.285350457997993
1013,0.26695501804351807,24.302196291042492
1014,0.26589491963386536,24.318426833022386
1015,0.26445797085762024,24.335295666009188
1016,0.25824421644210815,24.352463541028555
1017,0.25911614298820496,24.36949341604486
1018,0.259705513715744,24.38677224999992
1019,0.2605125606060028,24.403322125028353
1020,0.2595639228820801,24.42102245800197
1021,0.26420652866363525,24.438418541045394
1022,0.25976303219795227,24.455440625024494
1023,0.2652866542339325,24.472497750015464
1024,0.2602574825286865,24.490087750018574
1025,0.26160722970962524,24.506499833019916
1026,0.2724268138408661,24.530516333004925
1027,0.26321494579315186,24.551833000034094
1028,0.25491583347320557,24.574942416045815
1029,0.26572614908218384,24.59888216602849
1030,0.2697197496891022,24.62485766602913
1031,0.2583901584148407,24.645495041040704
1032,0.2638140618801117,24.66764433303615
1033,0.26223698258399963,24.686584791052155
1034,0.26092272996902466,24.70576937502483
1035,0.2563121020793915,24.726771000016015
1036,0.2599490284919739,24.744495332997758
1037,0.2668444812297821,24.762305916054174
1038,0.2609475553035736,24.781363291025627
1039,0.26453179121017456,24.80057654104894
1040,0.266766756772995,24.819807833002415
1041,0.26396459341049194,24.838092083053198
1042,0.2559010088443756,24.855178750003688
1043,0.26529398560523987,24.878224958025385
1044,0.2640383839607239,24.902428125031292
1045,0.2668340802192688,24.9240690000006
1046,0.2634424865245819,24.943614916002844
1047,0.2674156427383423,24.964784958050586
1048,0.25357532501220703,24.985655625001527
1049,0.26144081354141235,25.010003625007812
1050,0.25946521759033203,25.154287666024175
1051,0.2692471146583557,25.174073666043114
1052,0.25965189933776855,25.194369916047435
1053,0.26438280940055847,25.213205541018397
1054,0.2704353332519531,25.23176441603573
1055,0.2635699212551117,25.25053850002587
1056,0.2745610475540161,25.271914375014603
1057,0.2599547207355499,25.294742791040335
1058,0.26664671301841736,25.316566375026014
1059,0.2597927153110504,25.336178666038904
1060,0.254454642534256,25.361355250002816
1061,0.26382172107696533,25.379148708016146
1062,0.26446861028671265,25.399487750022672
1063,0.2646038234233856,25.42282650002744
1064,0.26402828097343445,25.440980041050352
1065,0.26351532340049744,25.45932891604025
1066,0.26002636551856995,25.479105916048866
1067,0.26805511116981506,25.497502250014804
1068,0.2592809200286865,25.51715841604164
1069,0.26578399538993835,25.537600916053634
1070,0.26103225350379944,25.555591250013094
1071,0.2640398442745209,25.57726775004994
1072,0.2637415826320648,25.5964438750525
1073,0.2642914354801178,25.615719875029754
1074,0.2628571093082428,25.633345250040293
1075,0.2550950050354004,25.651550625043456
1076,0.26697757840156555,25.668788583017886
1077,0.2684319317340851,25.709633625054266
1078,0.25828662514686584,25.751899541006424
1079,0.2616400420665741,25.77061083301669
1080,0.2594596743583679,25.78909354103962
1081,0.2582152783870697,25.80853008304257
1082,0.25491341948509216,25.82594904099824
1083,0.2621742784976959,25.843791291001253
1084,0.2743918001651764,25.862095041025896
1085,0.25894495844841003,25.880723916052375
1086,0.2641870379447937,25.89843512501102
1087,0.2605246901512146,25.91586216603173
1088,0.2567428648471832,25.934151000052225
1089,0.25582271814346313,25.95221458299784
1090,0.2594618499279022,25.969468666007742
1091,0.259799599647522,25.987240250047762
1092,0.26461341977119446,26.004690916044638
1093,0.2620757222175598,26.022137332998682
1094,0.27162623405456543,26.04025233304128
1095,0.25914880633354187,26.058070083032362
1096,0.26586127281188965,26.07797337503871
1097,0.26475030183792114,26.096207624999806
1098,0.26800501346588135,26.11483404104365
1099,0.26937341690063477,26.13334662502166
1100,0.2608835697174072,26.257538291043602
1101,0.2651647627353668,26.277481041033752
1102,0.26418179273605347,26.295498583000153
1103,0.2676491141319275,26.313482208002824
1104,0.2642126977443695,26.33088379102992
1105,0.2682918608188629,26.348340124997776
1106,0.2671383023262024,26.366541583032813
1107,0.26427948474884033,26.385050458018668
1108,0.25786107778549194,26.402832000050694
1109,0.25527411699295044,26.421425666019786
1110,0.2618366479873657,26.43997504102299
1111,0.26761722564697266,26.45827504101908
1112,0.2647818326950073,26.47735741600627
1113,0.2686883509159088,26.49564737500623
1114,0.27006712555885315,26.513284750049934
1115,0.270062655210495,26.532040791003965
1116,0.2666299641132355,26.550901041016914
1117,0.2609506845474243,26.56836995802587
1118,0.26435866951942444,26.587106083054096
1119,0.2578386962413788,26.606294249999337
1120,0.27000972628593445,26.626030625018757
1121,0.2653721272945404,26.644902875006665
1122,0.2674482464790344,26.662601083051413
1123,0.25162646174430847,26.680788500001654
1124,0.26050886511802673,26.70014595804969
1125,0.2643736004829407,26.71796716604149
1126,0.2655318081378937,26.73563912505051
1127,0.26568683981895447,26.753406208008528
1128,0.2650848925113678,26.770754666009452
1129,0.2586325407028198,26.787948041048367
1130,0.25826695561408997,26.805600375053473
1131,0.26094409823417664,26.82457495800918
1132,0.2611170709133148,26.84413958300138
1133,0.2598251700401306,26.86196133302292
1134,0.26506516337394714,26.879164041019976
1135,0.2630639374256134,26.89776137500303
1136,0.26708734035491943,26.916214083030354
1137,0.2547004520893097,26.933878375042696
1138,0.2563416063785553,26.951388541026972
1139,0.2675119936466217,26.969569875043817
1140,0.26137489080429077,26.988689000019804
1141,0.2569601237773895,27.006778875016607
1142,0.2664651572704315,27.024938540998846
1143,0.2637580335140228,27.045013791008387
1144,0.2630033791065216,27.063839208043646
1145,0.2596896290779114,27.08093658305006
1146,0.26286494731903076,27.097757791052572
1147,0.2617599666118622,27.115184708032757
1148,0.26443836092948914,27.1319152500364
1149,0.2553475797176361,27.148991374997422
1150,0.26632511615753174,27.26861516601639
1151,0.26303061842918396,27.286753791035153
1152,0.2646571397781372,27.305174625013024
1153,0.26225072145462036,27.323051291052252
1154,0.2585082948207855,27.341481083014514
1155,0.2675835192203522,27.35934450000059
1156,0.2640734612941742,27.377696125011425
1157,0.2699911892414093,27.395804958010558
1158,0.26268330216407776,27.414118083019275
1159,0.2570984363555908,27.43201470799977
1160,0.26636484265327454,27.450759083032608
1161,0.26091596484184265,27.469415125029627
1162,0.2665001451969147,27.487003291025758
1163,0.27084967494010925,27.504986875050236
1164,0.2621753513813019,27.523210790997837
1165,0.2597213685512543,27.543643541052006
1166,0.26370689272880554,27.562068000028376
1167,0.25654470920562744,27.582204875012394
1168,0.26444509625434875,27.60275341605302
1169,0.2599978446960449,27.62058304104721
1170,0.26300010085105896,27.640061250014696
1171,0.26449134945869446,27.659303833032027
1172,0.2661551237106323,27.679500333033502
1173,0.2659255862236023,27.697190541017335
1174,0.2572176158428192,27.715588916034903
1175,0.2600274682044983,27.733552874997258
1176,0.26058393716812134,27.751205041015055
1177,0.2633344531059265,27.768491499999072
1178,0.26071053743362427,27.78666212502867
1179,0.2637631297111511,27.80455616605468
1180,0.2647683620452881,27.823275833041407
1181,0.2629738748073578,27.841070291004144
1182,0.2635117173194885,27.858723791025113
1183,0.25719791650772095,27.87670312501723
1184,0.2567169666290283,27.894467791018542
1185,0.2676386535167694,27.91303916601464
1186,0.2686694264411926,27.931033250002656
1187,0.26543307304382324,27.94872170803137
1188,0.2593875527381897,27.967384791001678
1189,0.2665064334869385,27.985121333040297
1190,0.2657974362373352,28.003898875031155
1191,0.2586269974708557,28.021544000017457
1192,0.2625918388366699,28.038172625005245
1193,0.25874143838882446,28.05608316604048
1194,0.269585520029068,28.07325412501814
1195,0.2598719894886017,28.090701750013977
1196,0.2646976113319397,28.10822262504371
1197,0.26229289174079895,28.125574791047256
1198,0.2621377408504486,28.142915333039127
1199,0.26069924235343933,28.158744416025
1200,0.263891339302063,28.268123458023183
1201,0.2684066593647003,28.28486354101915
1202,0.27037468552589417,28.30175775004318
1203,0.26569435000419617,28.3195749160368
1204,0.2752765119075775,28.337971625034697
1205,0.26236844062805176,28.355578166025225
1206,0.2649243175983429,28.374205791042186
1207,0.2615604102611542,28.391958666034043
1208,0.2583254873752594,28.408803625032306
1209,0.2729969322681427,28.42643750004936
1210,0.26001742482185364,28.44403037504526
1211,0.260128378868103,28.4626035830006
1212,0.25787752866744995,28.480444250046276
1213,0.2609267830848694,28.49860491603613
1214,0.2605592906475067,28.51693783304654
1215,0.25725412368774414,28.534123875026125
1216,0.2566704750061035,28.551511041005142
1217,0.2553386986255646,28.570482375042047
1218,0.2687217593193054,28.588200625032187
1219,0.264004111289978,28.606746583012864
1220,0.26107221841812134,28.624939833011013
1221,0.26109951734542847,28.642238458036445
1222,0.26463940739631653,28.659246666007675
1223,0.26832056045532227,28.676611333037727
1224,0.259420782327652,28.69406854105182
1225,0.26351386308670044,28.712342250044458
1226,0.26173365116119385,28.731441375042778
1227,0.2579198479652405,28.74932429101318
1228,0.2536267340183258,28.767127833038103
1229,0.2713160514831543,28.785153208009433
1230,0.2615114152431488,28.802647208038252
1231,0.25894489884376526,28.821013750042766
1232,0.2621869146823883,28.838742000050843
1233,0.258332759141922,28.856191916042008
1234,0.2627553343772888,28.873624750005547
1235,0.2663557529449463,28.890023708052468
1236,0.2670413851737976,28.906434791046195
1237,0.2736225128173828,28.922032958013006
1238,0.25814205408096313,28.938005083007738
1239,0.25801998376846313,28.953843499999493
1240,0.26761630177497864,28.971755458042026
1241,0.26230746507644653,28.989018750027753
1242,0.265192449092865,29.00499366602162
1243,0.2623567581176758,29.022666250006296
1244,0.25922444462776184,29.039106708019972
1245,0.2622562348842621,29.055726999999024
1246,0.26068195700645447,29.07181179104373
1247,0.26598039269447327,29.089493375038728
1248,0.2643861472606659,29.106421750038862
1249,0.26505258679389954,29.12228354101535
1250,0.26553457975387573,29.23617483302951
1251,0.26501718163490295,29.254663541039918
1252,0.26866409182548523,29.272862458019517
1253,0.26270028948783875,29.29124958300963
1254,0.26436853408813477,29.30814870801987
1255,0.25808653235435486,29.32589254103368
1256,0.2650022804737091,29.343376166012604
1257,0.26216915249824524,29.361342125048395
1258,0.263881653547287,29.378686666022986
1259,0.25935760140419006,29.39492083300138
1260,0.2593834698200226,29.410636291024275
1261,0.2590802013874054,29.427387416013516
1262,0.26424670219421387,29.442907125048805
1263,0.2669907808303833,29.458336083043832
1264,0.26843366026878357,29.474026625044644
1265,0.2554141879081726,29.490000041027088
1266,0.260785311460495,29.506137791031506
1267,0.26411929726600647,29.522163125046063
1268,0.26186612248420715,29.537801291036885
1269,0.26511988043785095,29.553931916016154
1270,0.26218754053115845,29.570464500051457
1271,0.2692655324935913,29.587254291051067
1272,0.26978686451911926,29.603687833005097
1273,0.25811567902565,29.61962312500691
1274,0.2673417925834656,29.635577666049358
1275,0.2541041672229767,29.651814875018317
1276,0.2587027847766876,29.66869341605343
1277,0.26584571599960327,29.68520725000417
1278,0.2594141662120819,29.70160420803586
1279,0.26123157143592834,29.717734458041377
1280,0.2647092044353485,29.733646791020874
1281,0.2696056663990021,29.749902500014286
1282,0.2588673233985901,29.76614820800023
1283,0.26982295513153076,29.782986291043926
1284,0.26622143387794495,29.799162375042215
1285,0.2558281421661377,29.81628966605058
1286,0.2640884220600128,29.83586925000418
1287,0.2675645053386688,29.853382125031203
1288,0.26758095622062683,29.872645375027787
1289,0.2593390643596649,29.893583666009363
1290,0.26126328110694885,29.912288332998287
1291,0.25996512174606323,29.93073075002758
1292,0.2595363259315491,29.948518166027498
1293,0.2658800482749939,29.965246791020036
1294,0.258561909198761,29.98301054100739
1295,0.2589031755924225,29.999863916018512
1296,0.26194021105766296,30.01739929104224
1297,0.26141563057899475,30.033564125013072
1298,0.26432719826698303,30.05090204102453
1299,0.2675107717514038,30.070254916034173
1300,0.25983113050460815,30.191003250016365
1301,0.2701861560344696,30.208855625009164
1302,0.2680014371871948,30.226122083025984
1303,0.26266536116600037,30.244924708036706
1304,0.26474788784980774,30.261269166017883
1305,0.2646370828151703,30.280233625031542
1306,0.26343443989753723,30.2981495000422
1307,0.263011634349823,30.316542875021696
1308,0.26501041650772095,30.33305629104143
1309,0.2621026039123535,30.34899820800638
1310,0.26769253611564636,30.365650000050664
1311,0.2671395540237427,30.381694000039715
1312,0.2625293731689453,30.39891362504568
1313,0.25956952571868896,30.41457345802337
1314,0.2615753710269928,30.431034541048575
1315,0.2608727812767029,30.447448958002497
1316,0.26673585176467896,30.464417208044324
1317,0.26840659976005554,30.481899958045688
1318,0.26696673035621643,30.499368333024904
1319,0.26504120230674744,30.51585312501993
1320,0.2593103051185608,30.534150666033383
1321,0.2648601830005646,30.55145425000228
1322,0.25523650646209717,30.56911833304912
1323,0.26030969619750977,30.586754708027
1324,0.261181116104126,30.605767916014884
1325,0.2675897479057312,30.623445208009798
1326,0.2636270821094513,30.64101170800859
1327,0.27137595415115356,30.65926558303181
1328,0.26192376017570496,30.677487458044197
1329,0.25622281432151794,30.694824416015763
1330,0.2598419189453125,30.712551666016225
1331,0.26526695489883423,30.73039525002241
1332,0.2628951072692871,30.748840916028712
1333,0.2694169580936432,30.766677500039805
1334,0.2576664984226227,30.784028041001875
1335,0.25448161363601685,30.801842500048224
1336,0.2650584578514099,30.820277916034684
1337,0.26452481746673584,30.837945625011344
1338,0.2652471661567688,30.85577716602711
1339,0.25806698203086853,30.873855375044513
1340,0.2670375108718872,30.89234254101757
1341,0.25783252716064453,30.910498500044923
1342,0.2576461732387543,30.927768833003938
1343,0.27391406893730164,30.946462958003394
1344,0.2638334631919861,30.963543875026517
1345,0.26562249660491943,30.982698208012152
1346,0.25316500663757324,31.00120966602117
1347,0.25852763652801514,31.022647041012533
1348,0.25638309121131897,31.04079229105264
1349,0.26065897941589355,31.058379583002534
1350,0.2683525085449219,31.17944954102859
1351,0.2604251205921173,31.198427125054877
1352,0.2627723515033722,31.217750083014835
1353,0.2713468074798584,31.236333375039976
1354,0.25902023911476135,31.254370083042886
1355,0.264692097902298,31.27299041603692
1356,0.2635446786880493,31.290957666002214
1357,0.2560472786426544,31.30886675004149
1358,0.2697514593601227,31.325861083052587
1359,0.2585604190826416,31.343523458053824
1360,0.25550583004951477,31.361807041044813
1361,0.26327240467071533,31.38006575003965
1362,0.26390835642814636,31.398349625000264
1363,0.2513442039489746,31.416223916050512
1364,0.2686748504638672,31.434199500014074
1365,0.26243895292282104,31.452281916048378
1366,0.2535805106163025,31.470267041004263
1367,0.2602775990962982,31.490393833024427
1368,0.2657155692577362,31.510703375039157
1369,0.26453715562820435,31.53116300003603
1370,0.2643348276615143,31.551152333035134
1371,0.26404687762260437,31.572661541053094
1372,0.2586209177970886,31.592382916016504
1373,0.2562929391860962,31.611618541006465
1374,0.2614501416683197,31.63185779104242
1375,0.26928234100341797,31.651974541018717
1376,0.2628447413444519,31.671501208038535
1377,0.2629038691520691,31.69050629105186
1378,0.2543794810771942,31.71038000000408
1379,0.2653248608112335,31.732188541034702
1380,0.2576201856136322,31.75282120803604
1381,0.25487232208251953,31.773429000051692
1382,0.2684836685657501,31.795430625032168
1383,0.265627384185791,31.816729708050843
1384,0.25570032000541687,31.850086332997307
1385,0.2665765881538391,31.871263750013895
1386,0.2668546438217163,31.894512333034072
1387,0.2658090889453888,31.916071583051234
1388,0.26657432317733765,31.938005208037794
1389,0.263471782207489,31.96318041603081
1390,0.2637001872062683,32.00043870799709
1391,0.26259109377861023,32.02847645804286
1392,0.26653939485549927,32.05029316601576
1393,0.2679559588432312,32.071256250026636
1394,0.26163867115974426,32.09806179103907
1395,0.27472639083862305,32.1190257910057
1396,0.26732417941093445,32.13991229102248
1397,0.2576962113380432,32.1611420410336
1398,0.2675541639328003,32.182918458012864
1399,0.26405832171440125,32.203325833019335
1400,0.26290297508239746,32.34218195802532
1401,0.2611030042171478,32.36269512504805
1402,0.26207759976387024,32.38306345802266
1403,0.2583613097667694,32.40451604104601
1404,0.2579609155654907,32.42468075000215
1405,0.26378333568573,32.444000041054096
1406,0.26741334795951843,32.464519375003874
1407,0.2619597017765045,32.48540379101178
1408,0.2663980722427368,32.50566562503809
1409,0.2572512626647949,32.526201166037936
1410,0.25563734769821167,32.54606862500077
1411,0.25787216424942017,32.5650425410131
1412,0.2676169276237488,32.585298541001976
1413,0.260805606842041,32.6045289580361
1414,0.25921958684921265,32.62482195801567
1415,0.2593652904033661,32.64438875002088
1416,0.2617045044898987,32.66429337504087
1417,0.2569904923439026,32.68445708299987
1418,0.26019787788391113,32.70384895801544
1419,0.2653080224990845,32.722974208008964
1420,0.26753219962120056,32.742403666023165
1421,0.26224514842033386,32.76428566605318
1422,0.2614630460739136,32.78535499999998
1423,0.26846185326576233,32.80340762500418
1424,0.26278525590896606,32.821505666011944
1425,0.26658570766448975,32.840098458051216
1426,0.26824283599853516,32.85858675005147
1427,0.2585586607456207,32.8765306660207
1428,0.25068986415863037,32.89443525002571
1429,0.2656988501548767,32.91239412501454
1430,0.2659755051136017,32.93082745803986
1431,0.2547157108783722,32.94900275004329
1432,0.27492693066596985,32.96820033300901
1433,0.2652050852775574,32.98846883303486
1434,0.26530054211616516,33.012168125016615
1435,0.2591630518436432,33.034613458032254
1436,0.26738831400871277,33.05905779101886
1437,0.26020023226737976,33.07941483304603
1438,0.2616496980190277,33.09982158301864
1439,0.27090543508529663,33.12091908301227
1440,0.2657243609428406,33.14357079099864
1441,0.26899254322052,33.164280333032366
1442,0.26822808384895325,33.1844941250165
1443,0.2636849880218506,33.20580279105343
1444,0.26706662774086,33.22723916603718
1445,0.2673129439353943,33.250466500001494
1446,0.2688279151916504,33.27211179101141
1447,0.2597357928752899,33.29323266603751
1448,0.2572721838951111,33.31523833301617
1449,0.2601766288280487,33.33816870802548
1450,0.2557489275932312,33.47400395805016
1451,0.27036231756210327,33.495435625023674
1452,0.26574084162712097,33.51804291602457
1453,0.2654322683811188,33.53945725003723
1454,0.26063355803489685,33.56381358305225
1455,0.26523756980895996,33.587960250035394
1456,0.2578734755516052,33.61161745805293
1457,0.26301833987236023,33.635938541032374
1458,0.26381969451904297,33.66262783302227
1459,0.2655850946903229,33.687331082997844
1460,0.2568266987800598,33.71021087502595
1461,0.27084803581237793,33.735798291047104
1462,0.26077786087989807,33.75745645799907
1463,0.2609763741493225,33.78221391601255
1464,0.25790098309516907,33.80576854100218
1465,0.2628195285797119,33.83112795802299
1466,0.26502999663352966,33.85149887501029
1467,0.26488757133483887,33.875042791012675
1468,0.2610001266002655,33.89884775003884
1469,0.25894981622695923,33.9222791659995
1470,0.2629050612449646,33.94392075005453
1471,0.2595826983451843,33.96683991601458
1472,0.258307546377182,33.98819125001319
1473,0.26792287826538086,34.01055345800705
1474,0.26011455059051514,34.03427341603674
1475,0.26232248544692993,34.05667200003518
1476,0.2594033479690552,34.080283208051696
1477,0.2672762870788574,34.10111508303089
1478,0.2727135419845581,34.12084887502715
1479,0.2658469080924988,34.140758166031446
1480,0.26098519563674927,34.16326620802283
1481,0.2651015818119049,34.185090416052844
1482,0.2645193636417389,34.2076295830193
1483,0.26712363958358765,34.23000141599914
1484,0.26376649737358093,34.2507518750499
1485,0.2624084949493408,34.271248916047625
1486,0.25827667117118835,34.293057750037406
1487,0.2680402100086212,34.31762979103951
1488,0.26327261328697205,34.33854887500638
1489,0.2659916579723358,34.35929266602034
1490,0.26557204127311707,34.379100874997675
1491,0.2639435827732086,34.40351170802023
1492,0.25951290130615234,34.42211937502725
1493,0.25797781348228455,34.44040095800301
1494,0.2589735686779022,34.45948379102629
1495,0.2580104172229767,34.49873379099881
1496,0.2658862769603729,34.51912491599796
1497,0.2689611315727234,34.541373750020284
1498,0.26533979177474976,34.561605916009285
1499,0.25412240624427795,34.580751583038364
1500,0.26658689975738525,34.71648029104108
1501,0.26782530546188354,34.740576125041116
1502,0.2608851492404938,34.76472816604655
1503,0.26414820551872253,34.78663891600445
1504,0.2621263265609741,34.810141333029605
1505,0.26392170786857605,34.82995370804565
1506,0.2564542293548584,34.85049258300569
1507,0.2602880299091339,34.87171662499895
1508,0.2633956968784332,34.895832291047554
1509,0.2642461061477661,34.91817720804829
1510,0.2548031806945801,34.94072137505282
1511,0.2656148374080658,34.967511416005436
1512,0.2586919069290161,34.98981379100587
1513,0.2535569667816162,35.025311708042864
1514,0.2622189223766327,35.04867116600508
1515,0.258893758058548,35.076360666018445
1516,0.25592750310897827,35.09932804101845
1517,0.26344606280326843,35.125029333052225
1518,0.26525771617889404,35.1487223750446
1519,0.27060702443122864,35.171804333047476
1520,0.2633821368217468,35.19366658304352
1521,0.25906795263290405,35.217687833006494
1522,0.26952433586120605,35.24030541605316
1523,0.2654566168785095,35.26184104103595
1524,0.268015593290329,35.283891541010235
1525,0.26865723729133606,35.308916125039104
1526,0.26284024119377136,35.33382708299905
1527,0.26276686787605286,35.356277791026514
1528,0.2641310691833496,35.37878620804986
1529,0.2560744881629944,35.401459375047125
1530,0.26481300592422485,35.424341750040185
1531,0.26151177287101746,35.445739791030064
1532,0.2645677626132965,35.46824275003746
1533,0.2637192904949188,35.49543716601329
1534,0.2616036832332611,35.516299958049785
1535,0.2600530982017517,35.54343808302656
1536,0.26124849915504456,35.56769033300225
1537,0.27250710129737854,35.59202570799971
1538,0.25810182094573975,35.619689125043806
1539,0.262745201587677,35.6431486250367
1540,0.26450634002685547,35.66465400002198
1541,0.25699514150619507,35.68846312502865
1542,0.2640400528907776,35.7124214580399
1543,0.261649489402771,35.73648395802593
1544,0.26780274510383606,35.75938008300727
1545,0.2615657448768616,35.77999741601525
1546,0.26486825942993164,35.80282733304193
1547,0.26495370268821716,35.8242557910271
1548,0.26544010639190674,35.84480300004361
1549,0.2656787931919098,35.86507612501737
1550,0.2572752833366394,36.0088906250312
1551,0.2551244795322418,36.035274041001685
1552,0.26339191198349,36.06061645800946
1553,0.26172560453414917,36.08544916601386
1554,0.25971195101737976,36.106414666050114
1555,0.26624804735183716,36.12721566599794
1556,0.2608012855052948,36.148217500012834
1557,0.2651784121990204,36.16844929102808
1558,0.25442877411842346,36.190243165998254
1559,0.26303425431251526,36.210373041045386
1560,0.26493796706199646,36.23174054099945
1561,0.26029589772224426,36.256624791014474
1562,0.2629033625125885,36.28028554102639
1563,0.2612026035785675,36.30331454100087
1564,0.2605706453323364,36.32715870800894
1565,0.26628467440605164,36.34989895805484
1566,0.2607850134372711,36.36982425005408
1567,0.25443828105926514,36.390739333000965
1568,0.26616111397743225,36.41184191603679
1569,0.2691267132759094,36.43436483305413
1570,0.2663125991821289,36.456779166008346
1571,0.26418134570121765,36.47884650004562
1572,0.2655009329319,36.49989304103656
1573,0.26579633355140686,36.52159012504853
1574,0.2582924962043762,36.54384725005366
1575,0.2640168070793152,36.56626870803302
1576,0.26220938563346863,36.58895975002088
1577,0.2636062800884247,36.609944458003156
1578,0.26194411516189575,36.63294300000416
1579,0.265777051448822,36.65613583300728
1580,0.26064643263816833,36.68201691604918
1581,0.26475900411605835,36.70727037504548
1582,0.2616482377052307,36.73170341603691
1583,0.2628915309906006,36.752972958027385
1584,0.2609235346317291,36.78167258301983
1585,0.27183786034584045,36.819422791013494
1586,0.2611076831817627,36.8433831660077
1587,0.2741349935531616,36.86723645799793
1588,0.2626231610774994,36.88986650004517
1589,0.2706420123577118,36.9122276250273
1590,0.2690867781639099,36.933038208051585
1591,0.26138946413993835,36.95551408303436
1592,0.2619275748729706,36.976115916040726
1593,0.263474702835083,36.99833737500012
1594,0.2550792992115021,37.019565458002035
1595,0.26367849111557007,37.03929133299971
1596,0.262234091758728,37.0609210000257
1597,0.2593490183353424,37.0824810830527
1598,0.26651933789253235,37.104534750047605
1599,0.2616908848285675,37.1263337500277
1600,0.2582254111766815,37.27028516604332
1601,0.2701369822025299,37.292213041044306
1602,0.2618832588195801,37.3141416250146
1603,0.26236438751220703,37.33503025001846
1604,0.27157098054885864,37.35729350004112
1605,0.2640232443809509,37.37636433303123
1606,0.25912854075431824,37.39837733301101
1607,0.26407381892204285,37.41832991602132
1608,0.2572801411151886,37.441823875007685
1609,0.2545572817325592,37.46358470804989
1610,0.2653346359729767,37.48571066604927
1611,0.25975799560546875,37.50623554101912
1612,0.2691200077533722,37.528204625006765
1613,0.25702792406082153,37.55104262504028
1614,0.2604334354400635,37.57135925005423
1615,0.25638213753700256,37.59241500002099
1616,0.26408013701438904,37.615040333010256
1617,0.2591099441051483,37.636169208039064
1618,0.26742345094680786,37.65636808302952
1619,0.2681291401386261,37.67527883301955
1620,0.2656388282775879,37.692864208016545
1621,0.26672977209091187,37.714422333054245
1622,0.261423259973526,37.73498633300187
1623,0.2542492747306824,37.75377925002249
1624,0.2635236084461212,37.7732628750382
1625,0.2557142674922943,37.79450020805234
1626,0.26295092701911926,37.812993166036904
1627,0.26407089829444885,37.83603366604075
1628,0.2712794542312622,37.85631125001237
1629,0.2622002959251404,37.87659858301049
1630,0.25920718908309937,37.89680933300406
1631,0.2610294818878174,37.91669995803386
1632,0.2644088864326477,37.93488250003429
1633,0.26466646790504456,37.95539187500253
1634,0.2700701057910919,37.975315875024535
1635,0.2618703246116638,37.99263720802264
1636,0.2608996629714966,38.01341100002173
1637,0.26082396507263184,38.03194779105252
1638,0.2592293322086334,38.05174629105022
1639,0.26219338178634644,38.07047854101984
1640,0.2623133361339569,38.08868154103402
1641,0.262759268283844,38.1311033750535
1642,0.26274654269218445,38.151638375013135
1643,0.26551955938339233,38.171997916011605
1644,0.2683968245983124,38.19217629102059
1645,0.25746724009513855,38.21364208305022
1646,0.2691172957420349,38.23313033301383
1647,0.26053163409233093,38.25157854100689
1648,0.2680080235004425,38.26969241601182
1649,0.2668100893497467,38.28934720804682
1650,0.2647765576839447,38.4189576250501
1651,0.26093819737434387,38.437485666014254
1652,0.26289644837379456,38.457283208030276
1653,0.26648396253585815,38.476800375035964
1654,0.2681879699230194,38.495231416018214
1655,0.26478826999664307,38.51398587500444
1656,0.2606295943260193,38.532683875004295
1657,0.26463261246681213,38.55096833303105
1658,0.25994622707366943,38.56834350002464
1659,0.26337531208992004,38.58627112500835
1660,0.2634563446044922,38.603745291009545
1661,0.26233312487602234,38.62106529105222
1662,0.2637093961238861,38.6380772080156
1663,0.2646411955356598,38.65504104102729
1664,0.2602165639400482,38.67421554104658
1665,0.26051798462867737,38.692275875015184
1666,0.2610073685646057,38.71023975004209
1667,0.26751330494880676,38.72763333300827
1668,0.2660551369190216,38.74608512502164
1669,0.26284265518188477,38.764943541027606
1670,0.26842033863067627,38.784088291053195
1671,0.2545756995677948,38.802259875054006
1672,0.2641529142856598,38.82236325001577
1673,0.25905731320381165,38.84130658302456
1674,0.2636174261569977,38.85957004100783
1675,0.26566973328590393,38.87953450001078
1676,0.26078441739082336,38.90024800004903
1677,0.2615804374217987,38.92153941601282
1678,0.25635820627212524,38.942088833020534
1679,0.2630716860294342,38.96208320802543
1680,0.26398059725761414,38.98362645803718
1681,0.26740267872810364,39.005653083033394
1682,0.2616856098175049,39.02633625001181
1683,0.2631857991218567,39.04691425000783
1684,0.25224769115448,39.06797400000505
1685,0.2681361138820648,39.08891504100757
1686,0.2682254910469055,39.10876712499885
1687,0.2621668577194214,39.12793687504018
1688,0.2634795904159546,39.14808683301089
1689,0.2697824239730835,39.167537458008155
1690,0.2596542239189148,39.187249041046016
1691,0.26833876967430115,39.2070032080519
1692,0.25680530071258545,39.22643991600489
1693,0.2608712315559387,39.24552879104158
1694,0.26301437616348267,39.263746416021604
1695,0.2653246223926544,39.28106208302779
1696,0.2685646414756775,39.299173125007655
1697,0.25976642966270447,39.31738950003637
1698,0.25286611914634705,39.33605691604316
1699,0.26420608162879944,39.353133416036144
1700,0.2590253949165344,39.47247345803771
1701,0.26139792799949646,39.48994258302264
1702,0.27125316858291626,39.50817158300197
1703,0.2596948742866516,39.52600100002019
1704,0.25640982389450073,39.5444282500539
1705,0.2628462612628937,39.56245516601484
1706,0.26587194204330444,39.58058070804691
1707,0.2568046450614929,39.600293083
1708,0.260147362947464,39.61810454103397
1709,0.25975486636161804,39.63561454101
1710,0.265730619430542,39.65355704101967
1711,0.26239901781082153,39.671222541015595
1712,0.26362165808677673,39.68883795803413
1713,0.25949767231941223,39.70603212504648
1714,0.26284074783325195,39.72399208304705
1715,0.27215704321861267,39.74186158302473
1716,0.25906383991241455,39.760873958002776
1717,0.2644599676132202,39.77899200003594
1718,0.2621765434741974,39.797259458049666
1719,0.2658812999725342,39.81521395803429
1720,0.2688576579093933,39.83366025000578
1721,0.2648175060749054,39.851476666051894
1722,0.2656199336051941,39.87010420800652
1723,0.26486653089523315,39.88751441601198
1724,0.2646988332271576,39.90557179105235
1725,0.26351359486579895,39.92321750003612
1726,0.2660602629184723,39.94235458300682
1727,0.2596239149570465,39.9598683330114
1728,0.2614161968231201,39.977590875001624
1729,0.2594444453716278,39.995185250008944
1730,0.26442915201187134,40.01318504102528
1731,0.258606880903244,40.033469500020146
1732,0.26796960830688477,40.05273787502665
1733,0.26465198397636414,40.07498958305223
1734,0.260114461183548,40.09407012502197
1735,0.25697821378707886,40.12284816603642
1736,0.25974375009536743,40.14216083299834
1737,0.26530906558036804,40.1604895000346
1738,0.26433804631233215,40.17928400001256
1739,0.2611100971698761,40.19571341603296
1740,0.25502440333366394,40.21318175003398
1741,0.26381975412368774,40.23091616603779
1742,0.26071882247924805,40.248920000041835
1743,0.2623297870159149,40.267539708002005
1744,0.2629847228527069,40.28633145801723
1745,0.26664796471595764,40.3047353750444
1746,0.26036500930786133,40.32232425000984
1747,0.2622758746147156,40.340519583027344
1748,0.26787394285202026,40.35910512501141
1749,0.27062246203422546,40.37642633303767
1750,0.2658965587615967,40.500841916014906
1751,0.2551494836807251,40.52088962501148
1752,0.2631128430366516,40.54023937502643
1753,0.2709277868270874,40.56214604101842
1754,0.2613883912563324,40.58287375001237
1755,0.25503915548324585,40.60421695804689
1756,0.263714462518692,40.62426016601967
1757,0.2662324607372284,40.64427216601325
1758,0.2646603584289551,40.66484529100126
1759,0.2574000060558319,40.68560962501215
1760,0.25623467564582825,40.70684366603382
1761,0.2597149908542633,40.72772712504957
1762,0.26111337542533875,40.75122845801525
1763,0.26004546880722046,40.77204275003169
1764,0.26430177688598633,40.793042208009865
1765,0.2574174404144287,40.81102041603299
1766,0.26267898082733154,40.82881245802855
1767,0.26392459869384766,40.84842191601638
1768,0.2670018970966339,40.866762625053525
1769,0.2652764320373535,40.884611375047825
1770,0.2598593831062317,40.90325945802033
1771,0.25684964656829834,40.92114566604141
1772,0.2632983326911926,40.939615458017215
1773,0.2601901590824127,40.961547625018284
1774,0.26664185523986816,40.98140745802084
1775,0.2686367332935333,41.00010316603584
1776,0.25911152362823486,41.01847775001079
1777,0.2625626027584076,41.03714275005041
1778,0.2697641849517822,41.055567000003066
1779,0.26200050115585327,41.073884208046366
1780,0.26965031027793884,41.09149704105221
1781,0.26532235741615295,41.10909045801964
1782,0.2652933597564697,41.12707575003151
1783,0.26566797494888306,41.14554550003959
1784,0.2592848241329193,41.1656857500202
1785,0.26605281233787537,41.185050250031054
1786,0.2617952227592468,41.207059458014555
1787,0.2606349289417267,41.227238166029565
1788,0.2640281617641449,41.248701750009786
1789,0.26536694169044495,41.27091016602935
1790,0.2587375044822693,41.29240120801842
1791,0.26781079173088074,41.31493420799961
1792,0.2594796121120453,41.33544495800743
1793,0.2634318470954895,41.35471075004898
1794,0.2635507583618164,41.37431745801587
1795,0.2679198682308197,41.39442200004123
1796,0.2638881504535675,41.414263708051294
1797,0.25788402557373047,41.43282695801463
1798,0.25979188084602356,41.45210383302765
1799,0.2697313725948334,41.473104708013125
1800,0.2584397792816162,41.601463666011114
1801,0.2564781904220581,41.619629958004225
1802,0.26106929779052734,41.636627458035946
1803,0.2647513151168823,41.65444595803274
1804,0.26357248425483704,41.67239141603932
1805,0.26313337683677673,41.68955800001277
1806,0.26297900080680847,41.706561083032284
1807,0.2663439214229584,41.72481958300341
1808,0.2675883173942566,41.74203116603894
1809,0.2595491409301758,41.759124125004746
1810,0.26811233162879944,41.776517165999394
1811,0.2638913094997406,41.79752800002461
1812,0.26081234216690063,41.814133708016016
1813,0.2670872211456299,41.83149829105241
1814,0.2622617781162262,41.8494200000423
1815,0.261392742395401,41.86703091603704
1816,0.2589797079563141,41.88441875000717
1817,0.2595144808292389,41.90169704100117
1818,0.26213961839675903,41.9192140410305
1819,0.2656566798686981,41.937045916041825
1820,0.2675146460533142,41.95466445805505
1821,0.26895204186439514,41.97297804104164
1822,0.26905831694602966,41.99113433301682
1823,0.26333335041999817,42.008830500009935
1824,0.2629733979701996,42.026541291037574
1825,0.26767444610595703,42.04428925004322
1826,0.2613968849182129,42.06427666603122
1827,0.26222386956214905,42.08158287504921
1828,0.2541103959083557,42.10017525003059
1829,0.2635097801685333,42.118609541037586
1830,0.2651841342449188,42.13677904102951
1831,0.26064926385879517,42.15474729100242
1832,0.25719791650772095,42.172098083014134
1833,0.2544480860233307,42.18939070805209
1834,0.2562887668609619,42.206492625002284
1835,0.25671109557151794,42.224194541049656
1836,0.26310810446739197,42.24185000004945
1837,0.26218023896217346,42.260419583006296
1838,0.26354753971099854,42.27810075000161
1839,0.2671941816806793,42.29768595803762
1840,0.2687440514564514,42.31782629102236
1841,0.2681087851524353,42.33564841601765
1842,0.2666473388671875,42.35501183301676
1843,0.2579461932182312,42.372835458023474
1844,0.26245808601379395,42.39249341603136
1845,0.2607846260070801,42.410794291005004
1846,0.2660122811794281,42.42840299999807
1847,0.2604413330554962,42.445635250012856
1848,0.26767703890800476,42.46299683302641
1849,0.2651638388633728,42.479488000040874
1850,0.2674477994441986,42.588658416003454
1851,0.2566455006599426,42.604738916037604
1852,0.2624756693840027,42.62189741601469
1853,0.25969645380973816,42.63797537505161
1854,0.2593437731266022,42.65478416602127
1855,0.2650262713432312,42.67112208303297
1856,0.26689413189888,42.68758229102241
1857,0.2621697783470154,42.703528583049774
1858,0.26453113555908203,42.71965070802253
1859,0.2638998329639435,42.736291000037454
1860,0.2757202982902527,42.752727125014644
1861,0.260936975479126,42.768378250009846
1862,0.2593916356563568,42.78459908301011
1863,0.26120397448539734,42.80107283301186
1864,0.26605522632598877,42.81780058302684
1865,0.2646288573741913,42.83453737501986
1866,0.2658974528312683,42.85374437505379
1867,0.26626694202423096,42.871623416023795
1868,0.2583559453487396,42.88988087500911
1869,0.2646445333957672,42.9084940830362
1870,0.25467169284820557,42.92571520805359
1871,0.27382904291152954,42.94332566601224
1872,0.26415011286735535,42.961557875038125
1873,0.26574212312698364,42.97871508303797
1874,0.2661176323890686,42.99622037500376
1875,0.2511312961578369,43.01398908300325
1876,0.25247982144355774,43.03187354101101
1877,0.2617467939853668,43.049982958007604
1878,0.25896748900413513,43.067513291025534
1879,0.26829543709754944,43.08515816600993
1880,0.2572859525680542,43.103239833028056
1881,0.26614928245544434,43.12106912501622
1882,0.25972527265548706,43.13794416602468
1883,0.2640448212623596,43.15581116604153
1884,0.270294189453125,43.17305037501501
1885,0.26172351837158203,43.18969200004358
1886,0.2575419545173645,43.20777725003427
1887,0.2617988586425781,43.224867333017755
1888,0.26770952343940735,43.242574500036426
1889,0.2620152235031128,43.26146620803047
1890,0.2615703344345093,43.278582166007254
1891,0.26163044571876526,43.29507333302172
1892,0.26262137293815613,43.31102683302015
1893,0.2564944624900818,43.327620708034374
1894,0.25689321756362915,43.34326916601276
1895,0.2619868814945221,43.360283665999305
1896,0.26561856269836426,43.37720570800593
1897,0.27022185921669006,43.39554145804141
1898,0.26763513684272766,43.4132436660002
1899,0.2637033462524414,43.43066775001353
1900,0.2632162570953369,43.54851137503283
1901,0.26363545656204224,43.5672662910074
1902,0.26214078068733215,43.5848830830073
1903,0.2595946192741394,43.60266545804916
1904,0.27037256956100464,43.620972500008065
1905,0.2664460241794586,43.63914579100674
1906,0.2644512951374054,43.6576694160467
1907,0.260983943939209,43.675055250001606
1908,0.26432716846466064,43.693295458040666
1909,0.2631334066390991,43.71302408300107
1910,0.2645898461341858,43.73312275001081
1911,0.2603912353515625,43.75206395803252
1912,0.2628198266029358,43.778303708008025
1913,0.2632456123828888,43.809422291000374
1914,0.2585640251636505,43.8288846660289
1915,0.26498475670814514,43.852915166004095
1916,0.2648036777973175,43.870027208002284
1917,0.26374945044517517,43.88734433305217
1918,0.2636183798313141,43.904460875026416
1919,0.2672853171825409,43.922244957997464
1920,0.2607877254486084,43.94209270802094
1921,0.2664056420326233,43.961040875001345
1922,0.26180100440979004,43.97820383304497
1923,0.26313990354537964,43.997143708053045
1924,0.26638180017471313,44.01477208302822
1925,0.26458460092544556,44.03248020802857
1926,0.25878408551216125,44.050057250016835
1927,0.26580312848091125,44.068284333043266
1928,0.2612949311733246,44.08632500004023
1929,0.2610500156879425,44.10431525000604
1930,0.27000826597213745,44.122340750007425
1931,0.27033910155296326,44.139565040997695
1932,0.25359904766082764,44.15750737499911
1933,0.2566857635974884,44.17614162503742
1934,0.2646471858024597,44.195014416007325
1935,0.2582815885543823,44.212835250014905
1936,0.26178237795829773,44.23175495804753
1937,0.26048871874809265,44.24915000004694
1938,0.2635320723056793,44.26809458300704
1939,0.2566574513912201,44.285900375049096
1940,0.2654615640640259,44.3033387910109
1941,0.26636362075805664,44.32217966602184
1942,0.2673269510269165,44.34073816600721
1943,0.26765021681785583,44.358905041008256
1944,0.259428471326828,44.37698550004279
1945,0.2615061402320862,44.3950222080457
1946,0.25672104954719543,44.41326070803916
1947,0.2542494237422943,44.432006791001186
1948,0.26610228419303894,44.452141333022155
1949,0.2610858678817749,44.47152379102772
1950,0.2701133191585541,44.61156304104952
1951,0.2541342079639435,44.63289525004802
1952,0.26124247908592224,44.65344125003321
1953,0.2617906332015991,44.67310675000772
1954,0.2677260935306549,44.691246333008166
1955,0.2647833228111267,44.709158791054506
1956,0.27020248770713806,44.727492375008296
1957,0.2638626992702484,44.744831083051395
1958,0.2633894085884094,44.76245545805432
1959,0.265924334526062,44.780413250031415
1960,0.26595044136047363,44.7976638750406
1961,0.2628900706768036,44.81617445801385
1962,0.2658347189426422,44.83426045801025
1963,0.2547116279602051,44.85165354103083
1964,0.26160743832588196,44.868824666016735
1965,0.26348987221717834,44.88634612504393
1966,0.26410359144210815,44.90342566603795
1967,0.2534841001033783,44.922782041016035
1968,0.26691198348999023,44.94071962503949
1969,0.25858256220817566,44.959652208024636
1970,0.2680656611919403,44.977638000040315
1971,0.25666263699531555,44.99604479101254
1972,0.2633638083934784,45.014340749999974
1973,0.26435860991477966,45.032112875021994
1974,0.26596444845199585,45.04996570805088
1975,0.2663111388683319,45.06954420800321
1976,0.2634592354297638,45.08817350002937
1977,0.26502668857574463,45.10513791604899
1978,0.2570536732673645,45.12364979099948
1979,0.26419949531555176,45.1403026250191
1980,0.25822919607162476,45.159109625034034
1981,0.2628893554210663,45.17868545802776
1982,0.2568742632865906,45.1965357500012
1983,0.2595837414264679,45.21553358301753
1984,0.2646310031414032,45.235124041035306
1985,0.258810818195343,45.25229445804143
1986,0.26122742891311646,45.27014683303423
1987,0.2651745080947876,45.2873444580473
1988,0.2606055736541748,45.3066423330456
1989,0.26249000430107117,45.32598558301106
1990,0.26377740502357483,45.34436175000155
1991,0.2571825087070465,45.36291187501047
1992,0.26565298438072205,45.380938665999565
1993,0.26916950941085815,45.40073504101019
1994,0.26526376605033875,45.42497137503233
1995,0.2646496891975403,45.4478433750337
1996,0.26467815041542053,45.47299325000495
1997,0.25945615768432617,45.49794604105409
1998,0.26627877354621887,45.52224420802668
1999,0.26260533928871155,45.54806975001702
