step,loss,loss_avg10,probe_loss,probe_accuracy,batch_accuracy,lr,grad_norm,step_norm,trust_radius,rho,lambda_star,tr_secular_evals,eig_min,eig_max,wall_clock_s
0.0,2.303,2.303,2.3024,0.082,0.156,0.1,0.00638,1.0,1.0,-1.112,0.1289,35.0,-0.127,0.0981,1.32
1.0,2.3022,2.3026,2.3024,0.082,0.156,0.1,0.01552,0.25,0.25,-5.97,0.4271,34.0,-0.377,0.129,2.69
2.0,2.3024,2.3025,2.3024,0.082,0.219,0.1,0.01058,0.0625,0.0625,1.068,0.2795,34.0,-0.14,0.107,4.24
3.0,2.3038,2.3028,2.3023,0.086,0.0,0.1,0.02045,0.125,0.125,1.428,0.2377,34.0,-0.202,0.53,5.56
4.0,2.302,2.3027,2.3022,0.055,0.062,0.1,0.02352,0.25,0.25,-0.641,0.8363,34.0,-0.749,0.435,6.91
5.0,2.3034,2.3028,2.3022,0.055,0.094,0.1,0.0436,0.0625,0.0625,-0.633,4.292,32.0,-3.72,1.99,8.27
6.0,2.3051,2.3031,2.3022,0.055,0.062,0.1,0.09679,0.01563,0.01562,1.0,3.883,35.0,-1.51,4.19,9.46
7.0,2.3028,2.3031,2.3023,0.066,0.094,0.1,0.04222,0.03125,0.03125,1.147,2.345,36.0,-1.27,1.96,10.61
8.0,2.3023,2.303,2.3028,0.07,0.094,0.1,0.05374,0.0625,0.0625,-0.059,2.762,33.0,-2.0,0.527,11.9
9.0,2.3026,2.303,2.3028,0.07,0.062,0.1,0.01333,0.01563,0.01562,1.0,0.7892,34.0,-0.22,0.161,13.06
10.0,2.3016,2.3028,2.3027,0.055,0.031,0.1,0.05566,0.03125,0.03125,1.183,3.889,36.0,-2.25,0.372,14.31
11.0,2.2993,2.3025,2.303,0.074,0.125,0.1,0.1072,0.0625,0.0625,-1.539,2.916,36.0,-1.69,1.79,15.45
12.0,2.3024,2.3025,2.303,0.074,0.031,0.1,0.05221,0.01563,0.01562,1.064,8.28,35.0,-5.79,0.981,16.73
13.0,2.3016,2.3025,2.3023,0.082,0.094,0.1,0.03398,0.03125,0.03125,1.198,2.227,36.0,-1.22,0.489,18.11
14.0,2.2973,2.3021,2.3014,0.074,0.062,0.1,0.8792,0.0625,0.0625,0.328,78.19,35.0,-64.8,6.61,19.28
15.0,2.2636,2.2997,2.3143,0.082,0.094,0.1,0.572,0.0625,0.0625,0.448,7.031,36.0,-5.21,23.4,20.48
16.0,2.3191,2.3008,2.3065,0.07,0.094,0.1,0.8237,0.0625,0.0625,0.625,8.971,35.0,-4.43,47.1,21.84
17.0,2.2954,2.3005,2.301,0.07,0.062,0.1,0.3712,0.0625,0.0625,-0.603,15.34,35.0,-9.82,4.22,23.06
18.0,2.2802,2.2995,2.301,0.07,0.125,0.1,0.2618,0.01563,0.01562,1.033,25.68,35.0,-15.0,2.15,24.32
19.0,2.3352,2.3013,2.3025,0.074,0.094,0.1,1.12,0.03125,0.03125,0.678,38.81,37.0,-12.6,13.7,25.58
20.0,2.2988,2.301,2.3013,0.062,0.062,0.1,0.1912,0.03125,0.03125,1.795,14.93,35.0,-9.37,5.84,26.58
21.0,2.298,2.3008,2.302,0.074,0.094,0.1,0.427,0.0625,0.0625,0.369,18.94,35.0,-13.2,6.09,27.79
22.0,2.2595,2.2987,2.3471,0.078,0.094,0.1,0.793,0.0625,0.0625,1.007,15.72,37.0,-6.49,78.1,28.96
23.0,2.3977,2.3034,2.3736,0.086,0.062,0.1,5.043,0.125,0.125,0.446,11.34,31.0,-10.8,254.0,30.34
24.0,2.2412,2.3004,2.3159,0.086,0.156,0.1,0.5052,0.125,0.125,0.797,8.706,35.0,-5.65,53.6,31.66
25.0,2.4906,2.3097,2.4826,0.086,0.156,0.1,7.544,0.25,0.25,0.156,31.48,36.0,-27.8,240.0,32.78
26.0,2.314,2.3102,2.3049,0.082,0.094,0.1,1.351,0.0625,0.0625,0.194,21.15,37.0,-8.5,22.7,33.94
27.0,2.3015,2.3101,2.3025,0.082,0.156,0.1,0.02271,0.01563,0.01562,1.06,2.209,36.0,-0.82,0.0678,35.48
28.0,2.2976,2.3099,2.3026,0.082,0.219,0.1,0.09402,0.03125,0.03125,1.229,6.072,35.0,-3.14,0.21,36.75
29.0,2.2971,2.3096,2.3032,0.082,0.031,0.1,1.439,0.0625,0.0625,-0.188,229.6,36.0,-207.0,1.92,38.05
30.0,2.2981,2.3094,2.3032,0.082,0.125,0.1,0.09305,0.01563,0.01562,1.017,8.715,37.0,-2.89,2.22,39.27
31.0,2.2956,2.3092,2.3086,0.082,0.094,0.1,0.4871,0.03125,0.03125,0.667,70.37,35.0,-54.9,1.51,40.39
32.0,2.4073,2.3145,2.3408,0.078,0.094,0.1,8.877,0.03125,0.03125,0.708,88.93,37.0,-38.5,330.0,41.48
33.0,2.2707,2.3129,2.3096,0.078,0.094,0.1,1.084,0.03125,0.03125,1.126,21.19,35.0,-15.4,63.1,42.6
34.0,2.3354,2.3148,2.3377,0.078,0.062,0.1,5.012,0.0625,0.0625,0.173,41.62,37.0,-12.1,96.5,43.79
35.0,2.305,2.3169,2.3027,0.082,0.062,0.1,0.08077,0.01563,0.01562,1.074,1.873,35.0,-0.248,6.47,45.23
36.0,2.2995,2.3159,2.3027,0.082,0.125,0.1,0.1145,0.03125,0.03125,0.184,9.239,35.0,-5.6,0.167,46.28
37.0,2.4923,2.3258,2.3056,0.082,0.094,0.1,4.207,0.007812,0.007812,0.999,540.1,41.0,-32.0,28.7,47.54
38.0,2.3015,2.3268,2.3034,0.082,0.125,0.1,0.214,0.01562,0.01562,1.035,6.734,35.0,-2.97,38.6,48.89
39.0,2.2957,2.3249,2.305,0.082,0.188,0.1,0.2294,0.03125,0.03125,0.847,19.5,35.0,-12.2,0.487,49.99
40.0,2.3199,2.3259,2.3454,0.078,0.062,0.1,3.11,0.0625,0.0625,0.549,5.718,36.0,-4.37,461.0,51.23
41.0,2.2949,2.3258,2.3369,0.086,0.125,0.1,1.503,0.0625,0.0625,-0.028,85.69,36.0,-83.2,89.5,52.72
42.0,2.5025,2.3379,2.3369,0.086,0.0,0.1,9.049,0.01563,0.01562,0.807,641.4,38.0,-96.7,41.4,53.75
43.0,2.2981,2.3329,2.3108,0.082,0.125,0.1,0.1684,0.03125,0.03125,-0.225,11.7,35.0,-6.33,0.665,55.0
44.0,2.3049,2.3361,2.3108,0.082,0.094,0.1,0.1454,0.007813,0.007812,1.064,8.128,37.0,-1.65,15.2,56.4
45.0,2.2943,2.3263,2.3074,0.082,0.156,0.1,0.2011,0.01562,0.01562,0.948,17.94,37.0,-5.4,3.43,57.36
46.0,2.3103,2.3261,2.3206,0.082,0.031,0.1,1.407,0.03125,0.03125,0.974,3.551,33.0,-3.45,218.0,58.51
47.0,2.3031,2.3262,2.3064,0.082,0.125,0.1,0.06148,0.0625,0.0625,0.921,0.8043,34.0,-0.572,6.75,59.71
48.0,2.3289,2.3278,2.3134,0.086,0.125,0.1,1.471,0.125,0.125,0.266,9.883,36.0,-8.22,42.7,60.97
49.0,2.3009,2.3279,2.3024,0.082,0.125,0.1,0.02872,0.125,0.125,-31.101,0.8724,34.0,-0.654,0.0892,62.23
50.0,2.3016,2.3281,2.3024,0.082,0.125,0.1,0.02091,0.03125,0.03125,1.205,1.353,33.0,-0.74,0.058,63.86
51.0,2.3015,2.3284,2.3028,0.082,0.094,0.1,0.0142,0.0625,0.0625,1.052,0.3081,34.0,-0.119,1.64,65.33
52.0,2.3031,2.3232,2.3029,0.082,0.062,0.1,0.02876,0.125,0.125,-9.833,0.5605,34.0,-0.497,0.749,66.75
53.0,2.3038,2.3249,2.3029,0.082,0.031,0.1,0.02322,0.03125,0.03125,1.035,0.4557,34.0,-0.149,0.456,67.86
54.0,2.2995,2.3231,2.3024,0.082,0.062,0.1,0.04216,0.0625,0.0625,1.001,1.502,33.0,-0.909,6.1,69.26
55.0,2.3012,2.3229,2.3189,0.082,0.062,0.1,0.05165,0.125,0.125,-11.442,1.337,33.0,-1.14,8.83,70.51
56.0,2.2913,2.3225,2.3189,0.082,0.188,0.1,0.07632,0.03125,0.03125,0.974,3.02,35.0,-1.11,47.7,71.84
57.0,2.2987,2.3128,2.3209,0.082,0.062,0.1,0.09134,0.0625,0.0625,2.485,4.223,36.0,-2.84,0.145,73.08
58.0,2.3844,2.3169,2.4834,0.09,0.062,0.1,4.329,0.125,0.125,0.251,24.79,35.0,-16.1,96.3,74.58
59.0,2.299,2.3171,2.3128,0.082,0.094,0.1,0.04795,0.125,0.125,-43.545,0.6724,34.0,-0.523,11.3,75.79
60.0,2.3037,2.3163,2.3128,0.082,0.125,0.1,0.3342,0.03125,0.03125,1.143,0.9893,34.0,-0.331,37.6,77.13
61.0,2.3049,2.3168,2.308,0.082,0.031,0.1,0.06051,0.0625,0.0625,0.463,1.305,34.0,-0.939,1.49,78.38
62.0,2.3012,2.3067,2.3023,0.082,0.062,0.1,0.0257,0.0625,0.0625,1.473,1.046,34.0,-0.651,0.129,79.65
63.0,2.3155,2.3076,2.3199,0.086,0.094,0.1,2.168,0.125,0.125,0.227,4.926,32.0,-4.53,137.0,80.88
64.0,2.3029,2.3075,2.3023,0.082,0.062,0.1,0.03122,0.03125,0.03125,1.04,0.7016,34.0,-0.229,1.15,82.34
65.0,2.3014,2.3079,2.3023,0.082,0.125,0.1,0.02832,0.0625,0.0625,1.044,0.8081,34.0,-0.524,1.12,83.68
66.0,2.303,2.3075,2.305,0.082,0.062,0.1,0.09703,0.125,0.125,-73.052,0.6551,34.0,-0.512,8.67,84.99
67.0,2.2994,2.3073,2.305,0.082,0.094,0.1,0.1196,0.03125,0.03125,2.863,11.44,35.0,-7.66,0.151,86.34
68.0,2.3069,2.3062,2.3694,0.09,0.094,0.1,1.343,0.0625,0.0625,0.456,4.706,32.0,-4.61,153.0,87.62
69.0,2.348,2.3086,2.3244,0.086,0.188,0.1,7.469,0.0625,0.0625,0.52,14.31,36.0,-11.9,601.0,88.93
70.0,2.2999,2.3085,2.3157,0.082,0.094,0.1,0.05986,0.0625,0.0625,-124.054,2.761,33.0,-1.87,0.256,90.08
71.0,2.3004,2.3084,2.3157,0.082,0.125,0.1,0.09011,0.01563,0.01562,1.535,13.39,35.0,-7.86,0.141,91.57
72.0,2.3618,2.3113,2.3416,0.086,0.062,0.1,7.914,0.03125,0.03125,0.422,79.07,38.0,-8.98,257.0,92.83
73.0,2.3014,2.3112,2.3051,0.082,0.219,0.1,0.0366,0.03125,0.03125,0.958,1.318,34.0,-0.461,0.728,94.32
74.0,2.3002,2.3113,2.3036,0.082,0.125,0.1,0.02951,0.0625,0.0625,1.092,0.9697,34.0,-0.532,5.96,95.56
75.0,2.3006,2.3112,2.3976,0.086,0.25,0.1,0.8734,0.125,0.125,-3.822,87.94,36.0,-81.0,0.869,97.05
76.0,2.3048,2.3119,2.3976,0.086,0.156,0.1,1.693,0.03125,0.03125,1.071,2.715,33.0,-2.28,447.0,98.42
77.0,2.3008,2.312,2.3816,0.082,0.062,0.1,0.2641,0.0625,0.0625,-26.886,1.649,33.0,-0.942,44.0,99.62
78.0,2.6094,2.3233,2.3816,0.082,0.094,0.1,14.86,0.01562,0.01562,0.922,635.5,40.0,-24.4,435.0,101.1
79.0,2.3294,2.3248,2.3193,0.082,0.156,0.1,4.517,0.03125,0.03125,0.797,12.34,35.0,-8.02,379.0,102.47
80.0,2.302,2.3247,2.3101,0.082,0.125,0.1,0.02633,0.0625,0.0625,-21.138,1.136,34.0,-0.786,1.11,103.64
81.0,2.3011,2.3245,2.3101,0.082,0.094,0.1,0.05802,0.01563,0.01562,1.029,5.118,35.0,-1.72,0.815,104.8
82.0,2.2984,2.3244,2.3201,0.082,0.094,0.1,0.1355,0.03125,0.03125,-0.903,9.773,35.0,-5.52,0.681,106.22
83.0,2.2945,2.3233,2.3201,0.082,0.156,0.1,0.156,0.007813,0.007812,0.882,18.25,38.0,-2.51,2.9,107.59
84.0,2.3007,2.3232,2.3428,0.082,0.031,0.1,0.6467,0.01563,0.01562,1.136,2.621,35.0,-0.982,207.0,108.84
85.0,2.3019,2.3232,2.3314,0.082,0.094,0.1,0.198,0.03125,0.03125,1.056,1.556,36.0,-0.394,29.0,110.44
86.0,2.3005,2.3231,2.3156,0.082,0.094,0.1,0.04324,0.0625,0.0625,-29.812,2.005,33.0,-1.49,4.25,111.62
87.0,2.3068,2.3235,2.3156,0.082,0.031,0.1,0.152,0.01563,0.01562,1.088,3.603,37.0,-0.662,7.53,113.28
88.0,2.296,2.3229,2.3122,0.082,0.094,0.1,0.2038,0.03125,0.03125,-0.214,13.54,35.0,-7.33,0.4,114.73
89.0,2.2992,2.3205,2.3122,0.082,0.156,0.1,0.08551,0.007813,0.007812,1.01,13.75,36.0,-2.84,0.113,115.94
90.0,2.2972,2.3203,2.3163,0.082,0.125,0.1,0.2832,0.01562,0.01562,1.796,49.63,35.0,-31.6,0.403,117.24
91.0,2.2986,2.3203,2.3481,0.082,0.094,0.1,1.789,0.03125,0.03125,-1.131,319.4,35.0,-262.0,1.68,118.37
92.0,2.3041,2.3174,2.3481,0.082,0.031,0.1,0.03647,0.007813,0.007812,1.015,3.442,37.0,-0.109,1.52,119.75
93.0,2.3078,2.3177,2.3284,0.082,0.094,0.1,0.08775,0.01563,0.01562,0.753,10.23,35.0,-6.32,2.49,121.17
94.0,2.2944,2.3174,2.3126,0.082,0.062,0.1,0.2623,0.03125,0.03125,-1.634,18.28,35.0,-10.0,0.248,122.48
95.0,2.3023,2.3175,2.3126,0.082,0.156,0.1,0.05798,0.007813,0.007812,1.003,9.114,31.0,-8.26,0.487,124.01
96.0,2.2974,2.3171,2.3132,0.082,0.125,0.1,0.09579,0.01563,0.01562,0.462,4.637,35.0,-1.48,11.5,125.34
97.0,2.306,2.3174,2.3332,0.086,0.062,0.1,1.117,0.01563,0.01562,1.161,2.756,35.0,-1.03,283.0,126.87
98.0,2.3028,2.3021,2.3305,0.086,0.031,0.1,0.07216,0.03125,0.03125,-3.43,14.45,36.0,-13.1,1.52,128.08
99.0,2.3046,2.3008,2.3305,0.086,0.062,0.1,0.04267,0.007813,0.007812,1.003,5.363,37.0,-0.927,0.607,129.25
100.0,2.2993,2.3007,2.335,0.086,0.156,0.1,0.3997,0.01563,0.01562,0.347,100.9,35.0,-75.5,0.457,130.84
101.0,2.3346,2.3024,2.3881,0.086,0.219,0.1,8.383,0.01563,0.01562,0.664,53.25,38.0,-7.29,796.0,132.24
102.0,2.2897,2.3019,2.3523,0.086,0.062,0.1,0.1625,0.01563,0.01562,1.184,15.69,35.0,-7.42,162.0,133.78
103.0,2.2977,2.3021,2.3532,0.086,0.219,0.1,0.1169,0.03125,0.03125,-13.755,4.903,35.0,-2.21,5.17,135.08
104.0,2.2598,2.3,2.3532,0.086,0.094,0.1,6.979,0.007812,0.007812,0.597,1421.0,37.0,-534.0,11.5,136.43
105.0,2.3047,2.3002,2.3883,0.086,0.031,0.1,0.1927,0.007813,0.007812,1.085,9.011,38.0,-0.511,26.3,137.59
106.0,2.2983,2.3001,2.3614,0.086,0.156,0.1,0.1682,0.01563,0.01562,1.542,21.79,35.0,-12.8,11.3,138.86
107.0,2.3819,2.3038,2.4272,0.086,0.125,0.1,9.006,0.03125,0.03125,0.37,175.3,39.0,-10.3,130.0,139.95
108.0,2.2928,2.3037,2.3229,0.082,0.094,0.1,2.81,0.03125,0.03125,0.946,3.716,32.0,-2.82,716.0,141.44
109.0,2.3052,2.304,2.3175,0.082,0.062,0.1,0.1842,0.0625,0.0625,0.792,0.8068,34.0,-0.49,53.9,143.14
110.0,2.304,2.3043,2.3658,0.082,0.031,0.1,0.08062,0.125,0.125,-15.256,13.72,31.0,-13.2,8.03,144.44
111.0,2.356,2.3072,2.3658,0.082,0.062,0.1,7.632,0.03125,0.03125,0.641,30.6,37.0,-13.1,433.0,145.65
112.0,2.2947,2.3067,2.3206,0.078,0.219,0.1,0.1593,0.03125,0.03125,-2.321,9.486,35.0,-4.56,0.276,147.03
113.0,2.2953,2.3061,2.3206,0.078,0.031,0.1,0.1503,0.007813,0.007812,0.887,17.0,38.0,-2.99,13.7,148.59
114.0,2.3122,2.307,2.3284,0.078,0.031,0.1,1.016,0.01563,0.01562,1.235,7.846,35.0,-4.2,183.0,149.75
115.0,2.3032,2.307,2.3451,0.078,0.094,0.1,1.425,0.03125,0.03125,0.944,2.172,33.0,-1.89,366.0,151.11
116.0,2.2904,2.3067,2.3382,0.078,0.281,0.1,0.157,0.0625,0.0625,-18.915,2.88,36.0,-1.87,36.8,152.5
117.0,2.2991,2.3063,2.3382,0.078,0.219,0.1,0.04123,0.01563,0.01562,0.974,3.158,35.0,-0.877,4.99,153.91
118.0,2.3013,2.3063,2.3759,0.082,0.125,0.1,0.06234,0.03125,0.03125,-3.261,11.0,36.0,-9.88,2.41,155.35
119.0,2.3119,2.3066,2.3759,0.082,0.062,0.1,2.533,0.007813,0.007812,1.193,33.59,35.0,-15.9,682.0,156.62
120.0,2.2314,2.3032,2.3878,0.082,0.062,0.1,0.9294,0.01563,0.01562,0.704,22.55,36.0,-20.6,540.0,158.17
121.0,2.3169,2.3023,2.3666,0.082,0.156,0.1,4.173,0.01563,0.01562,1.055,7.704,35.0,-5.4,906.0,159.39
122.0,2.299,2.3028,2.3502,0.082,0.0,0.1,1.142,0.03125,0.03125,0.729,5.427,32.0,-5.24,362.0,160.55
123.0,2.3047,2.3032,2.3322,0.078,0.094,0.1,0.2213,0.03125,0.03125,1.177,1.638,33.0,-0.82,27.7,161.91
124.0,2.3036,2.3053,2.3261,0.078,0.125,0.1,0.04664,0.0625,0.0625,1.076,0.4412,34.0,-0.259,7.68,163.19
125.0,2.3053,2.3054,2.3473,0.078,0.062,0.1,1.589,0.125,0.125,0.974,7.195,32.0,-6.86,512.0,164.5
126.0,2.2933,2.3051,2.4298,0.078,0.031,0.1,0.2127,0.25,0.25,-45.266,4.122,32.0,-3.96,10.5,165.8
127.0,3.0277,2.3374,2.4298,0.078,0.062,0.1,30.02,0.0625,0.0625,0.438,396.8,38.0,-84.9,413.0,167.23
128.0,2.3022,2.3379,2.3016,0.082,0.094,0.1,0.02016,0.0625,0.0625,1.805,0.8867,34.0,-0.6,0.15,168.66
129.0,2.5125,2.3482,2.3825,0.086,0.156,0.1,11.39,0.125,0.125,0.278,44.03,37.0,-20.0,239.0,170.21
130.0,2.3014,2.3481,2.302,0.082,0.125,0.1,0.02608,0.125,0.125,-294.198,0.8866,34.0,-0.69,0.0562,171.51
131.0,2.3017,2.3454,2.302,0.082,0.156,0.1,0.01942,0.03125,0.03125,1.118,1.081,34.0,-0.485,0.0982,173.24
132.0,2.3014,2.3457,2.32,0.078,0.125,0.1,0.09535,0.0625,0.0625,-25.409,5.679,36.0,-4.22,0.411,174.4
133.0,2.4501,2.3535,2.32,0.078,0.125,0.1,11.07,0.01562,0.01562,1.118,237.0,39.0,-18.8,1060.0,175.68
134.0,2.3034,2.353,2.3073,0.078,0.0,0.1,0.01457,0.03125,0.03125,1.005,0.3825,34.0,-0.322,0.272,176.98
135.0,2.2991,2.3528,2.3093,0.078,0.125,0.1,0.1171,0.0625,0.0625,-23.574,6.88,36.0,-5.02,0.219,178.37
136.0,2.3001,2.3533,2.3093,0.078,0.188,0.1,0.04972,0.01563,0.01562,0.884,4.007,37.0,-0.894,0.212,179.68
137.0,2.3015,2.3534,2.3426,0.082,0.094,0.1,2.054,0.03125,0.03125,1.064,2.208,33.0,-2.15,742.0,181.0
138.0,2.3803,2.3574,2.3711,0.082,0.156,0.1,12.31,0.0625,0.0625,0.462,48.99,29.0,-48.8,1090.0,182.36
139.0,2.3131,2.3574,2.3328,0.078,0.125,0.1,5.581,0.0625,0.0625,0.589,7.121,32.0,-7.1,1360.0,183.78
140.0,2.3141,2.3616,2.3371,0.078,0.062,0.1,3.993,0.0625,0.0625,0.538,7.349,32.0,-7.12,746.0,185.11
141.0,2.3003,2.3607,2.3114,0.074,0.125,0.1,0.9061,0.0625,0.0625,-3.932,2.889,33.0,-2.59,318.0,186.47
142.0,2.3018,2.3609,2.3114,0.074,0.094,0.1,0.5416,0.01563,0.01562,1.0,2.989,36.0,-1.93,341.0,187.8
143.0,2.2945,2.3604,2.3118,0.078,0.125,0.1,0.2923,0.03125,0.03125,-11.268,20.47,35.0,-11.4,1.7,189.16
144.0,2.3031,2.3603,2.3118,0.078,0.094,0.1,0.04185,0.007812,0.007812,1.041,3.012,37.0,-0.216,2.99,190.32
145.0,2.3012,2.3601,2.3072,0.078,0.031,0.1,0.03303,0.01563,0.01562,1.061,3.234,35.0,-1.38,0.262,191.74
146.0,2.3022,2.3606,2.3393,0.078,0.062,0.1,0.02275,0.03125,0.03125,0.972,1.052,34.0,-0.429,11.9,192.92
147.0,2.3045,2.3244,2.3561,0.078,0.125,0.1,1.17,0.0625,0.0625,-5.463,7.74,32.0,-7.1,526.0,194.59
148.0,2.299,2.3243,2.3561,0.078,0.062,0.1,0.1433,0.01563,0.01562,-0.623,12.37,37.0,-3.32,0.38,196.02
149.0,2.2983,2.3135,2.3561,0.078,0.094,0.1,0.06678,0.003906,0.003906,0.994,17.65,39.0,-0.794,79.8,197.42
150.0,2.5244,2.3247,2.3579,0.078,0.094,0.1,17.78,0.007812,0.007812,0.979,1862.0,42.0,-14.2,422.0,198.89
151.0,2.3001,2.3246,2.3416,0.078,0.094,0.1,0.1071,0.01563,0.01562,1.013,12.9,35.0,-6.09,0.246,200.34
152.0,2.3038,2.3247,2.4106,0.082,0.125,0.1,0.1384,0.03125,0.03125,1.035,2.125,33.0,-1.35,10.5,201.83
153.0,2.5733,2.3309,2.4579,0.086,0.125,0.1,16.86,0.0625,0.0625,0.795,66.4,35.0,-42.0,1020.0,203.05
154.0,2.2962,2.3305,2.3889,0.082,0.094,0.1,0.2366,0.125,0.125,-146.342,14.01,36.0,-12.2,0.392,204.5
155.0,2.7421,2.3527,2.3889,0.082,0.094,0.1,21.31,0.03125,0.03125,0.706,588.3,39.0,-41.4,138.0,205.66
156.0,2.3016,2.3528,2.306,0.078,0.188,0.1,0.02723,0.03125,0.03125,1.249,1.678,33.0,-0.839,0.204,207.09
157.0,2.3232,2.3539,2.417,0.082,0.125,0.1,6.702,0.0625,0.0625,0.443,16.79,31.0,-16.1,1100.0,208.53
158.0,2.4409,2.3569,2.4705,0.086,0.156,0.1,12.87,0.0625,0.0625,0.183,195.0,38.0,-46.2,86.5,209.94
159.0,2.3014,2.3563,2.4008,0.098,0.031,0.1,0.03642,0.01563,0.01562,1.092,3.972,35.0,-1.69,0.315,211.29
160.0,2.3012,2.3557,2.4905,0.102,0.125,0.1,0.06677,0.03125,0.03125,-40.094,5.915,35.0,-3.87,1.02,212.87
161.0,2.301,2.3557,2.4905,0.102,0.125,0.1,0.09719,0.007812,0.007812,1.024,20.31,37.0,-7.9,0.336,214.43
162.0,3.3508,2.4082,2.5488,0.094,0.125,0.1,51.17,0.01562,0.01562,1.08,1664.0,39.0,-152.0,2450.0,215.52
163.0,2.3034,2.4086,2.4438,0.094,0.094,0.1,0.116,0.03125,0.03125,1.094,0.8092,34.0,-0.345,13.8,216.96
164.0,2.2997,2.4084,2.4074,0.094,0.094,0.1,0.1431,0.0625,0.0625,-75.285,7.392,35.0,-5.12,0.284,218.41
165.0,2.3005,2.4084,2.4074,0.094,0.188,0.1,0.09662,0.01563,0.01562,-0.653,12.3,35.0,-6.31,1.44,219.68
166.0,2.3025,2.4084,2.4074,0.094,0.094,0.1,0.1277,0.003906,0.003906,1.102,10.2,38.0,-0.407,26.1,221.2
167.0,2.4627,2.4163,2.3952,0.094,0.031,0.1,22.78,0.007812,0.007812,1.064,1320.0,41.0,-29.0,2160.0,222.41
168.0,2.3032,2.4165,2.3595,0.094,0.031,0.1,0.0179,0.01562,0.01562,1.01,0.8183,34.0,-0.388,1.29,223.66
169.0,2.3575,2.4195,2.3409,0.094,0.094,0.1,13.19,0.03125,0.03125,0.255,69.78,37.0,-22.9,451.0,225.01
170.0,2.3022,2.4084,2.3014,0.102,0.031,0.1,0.01734,0.03125,0.03125,1.318,1.129,34.0,-0.621,0.208,226.27
171.0,2.2983,2.4083,2.3046,0.082,0.125,0.1,0.1522,0.0625,0.0625,-46.629,10.06,36.0,-7.64,0.223,227.97
172.0,2.3042,2.4083,2.3046,0.082,0.062,0.1,0.08026,0.01563,0.01562,1.166,0.8169,34.0,-0.283,5.68,229.13
173.0,2.3014,2.3947,2.3013,0.094,0.062,0.1,0.04529,0.03125,0.03125,5.538,3.868,36.0,-2.48,2.74,230.28
174.0,2.3154,2.3957,2.3432,0.082,0.156,0.1,4.349,0.0625,0.0625,0.28,22.98,30.0,-22.8,1320.0,231.5
175.0,2.3001,2.3736,2.3468,0.078,0.156,0.1,0.1013,0.0625,0.0625,-29.294,6.615,36.0,-5.0,0.164,232.86
176.0,2.4667,2.3818,2.3468,0.078,0.125,0.1,26.77,0.01562,0.01562,0.551,679.2,40.0,-77.0,1450.0,234.08
177.0,2.2997,2.3806,2.3205,0.078,0.094,0.1,0.1187,0.01563,0.01562,-0.55,13.18,35.0,-5.61,0.306,235.45
178.0,2.2965,2.3734,2.3205,0.078,0.219,0.1,0.1828,0.003906,0.003906,0.98,49.95,39.0,-3.65,0.535,236.99
179.0,2.2967,2.3732,2.3307,0.078,0.062,0.1,0.1826,0.007813,0.007812,0.7,19.67,38.0,-2.36,8.13,238.31
180.0,2.2256,2.3694,2.354,0.082,0.156,0.1,0.2368,0.007813,0.007812,1.033,30.67,38.0,-4.42,2.62,239.62
181.0,2.2226,2.3655,2.3832,0.082,0.156,0.1,0.3524,0.01563,0.01562,0.738,12.86,37.0,-3.38,25.8,240.76
182.0,2.3061,2.3132,2.4748,0.082,0.0,0.1,0.7056,0.01563,0.01562,1.249,56.9,35.0,-46.2,214.0,241.92
183.0,2.8179,2.339,2.5526,0.078,0.125,0.1,21.02,0.03125,0.03125,0.886,508.7,38.0,-68.1,351.0,243.37
184.0,2.3096,2.3395,2.3783,0.082,0.062,0.1,0.4611,0.0625,0.0625,0.872,1.167,34.0,-1.09,39.7,244.76
185.0,2.3006,2.3395,2.3222,0.078,0.094,0.1,0.7785,0.125,0.125,0.133,0.9484,34.0,-0.93,366.0,246.34
186.0,2.6245,2.3556,2.3158,0.094,0.031,0.1,16.97,0.03125,0.03125,0.739,363.1,39.0,-26.4,213.0,247.66
187.0,2.3022,2.3476,2.3093,0.105,0.031,0.1,0.02412,0.03125,0.03125,0.941,1.95,33.0,-1.25,0.603,249.01
188.0,2.3316,2.349,2.3557,0.098,0.125,0.1,7.983,0.0625,0.0625,0.011,39.35,36.0,-35.0,867.0,250.36
189.0,2.2975,2.346,2.3557,0.098,0.188,0.1,0.8713,0.01563,0.01562,-0.663,229.1,35.0,-173.0,2.11,251.74
190.0,2.2986,2.3458,2.3557,0.098,0.125,0.1,0.2125,0.003906,0.003906,0.996,65.06,38.0,-10.7,0.605,253.12
191.0,2.3043,2.3461,2.3741,0.094,0.125,0.1,0.3775,0.007813,0.007812,1.213,4.588,37.0,-0.75,64.7,254.37
192.0,2.3048,2.3461,2.3531,0.105,0.094,0.1,1.35,0.01562,0.01562,1.11,12.4,35.0,-8.13,423.0,255.6
193.0,2.3008,2.3461,2.351,0.094,0.094,0.1,0.08899,0.03125,0.03125,0.306,7.403,35.0,-4.61,1.54,256.87
194.0,2.8105,2.3709,2.6114,0.086,0.094,0.1,34.0,0.03125,0.03125,0.75,351.7,38.0,-59.2,1300.0,258.22
195.0,2.3015,2.3709,2.3733,0.082,0.062,0.1,0.03225,0.0625,0.0625,13.908,2.308,33.0,-1.92,0.122,259.56
196.0,3.7285,2.434,3.4377,0.109,0.062,0.1,51.86,0.125,0.125,0.661,112.8,35.0,-91.5,1980.0,261.02
197.0,2.3655,2.4373,2.4446,0.098,0.156,0.1,10.78,0.125,0.125,0.14,24.67,36.0,-23.1,291.0,262.57
198.0,2.3022,2.4376,2.3038,0.109,0.156,0.1,0.01112,0.03125,0.03125,1.465,0.7839,34.0,-0.456,0.0795,263.73
199.0,2.3007,2.4378,2.4123,0.117,0.188,0.1,0.07474,0.0625,0.0625,-220.146,6.142,36.0,-4.96,0.202,265.4
200.0,2.3039,2.4417,2.4123,0.117,0.031,0.1,0.02544,0.01563,0.01562,-1.45,27.22,30.0,-27.2,0.231,266.47
201.0,2.3022,2.4457,2.4123,0.117,0.031,0.1,0.02129,0.003906,0.003906,1.006,5.473,37.0,-1.23,0.604,267.73
202.0,2.303,2.4455,2.4052,0.117,0.156,0.1,0.0299,0.007813,0.007812,1.078,1.685,35.0,-0.122,2.35,268.92
203.0,2.5927,2.4343,2.3639,0.117,0.125,0.1,22.78,0.01562,0.01562,0.977,849.0,40.0,-31.5,625.0,270.15
204.0,2.295,2.4335,2.3135,0.109,0.125,0.1,1.142,0.03125,0.03125,-1.186,7.472,32.0,-6.48,603.0,271.33
205.0,2.3023,2.4336,2.3135,0.109,0.031,0.1,0.04808,0.007813,0.007812,1.015,6.052,37.0,-1.34,2.59,272.45
206.0,2.3018,2.4175,2.3286,0.121,0.031,0.1,0.0314,0.01563,0.01562,1.087,3.56,35.0,-1.88,1.06,273.64
207.0,2.3006,2.4174,2.3295,0.102,0.094,0.1,0.06678,0.03125,0.03125,1.1,4.813,35.0,-2.72,0.146,275.02
208.0,2.299,2.4158,2.4391,0.094,0.125,0.1,0.1421,0.0625,0.0625,-81.308,10.56,36.0,-8.33,0.224,276.41
209.0,2.3181,2.4168,2.4391,0.094,0.094,0.1,23.15,0.01562,0.01562,0.314,817.7,40.0,-38.3,1810.0,277.77
210.0,2.2999,2.4169,2.3632,0.098,0.031,0.1,0.05988,0.01563,0.01562,1.02,3.711,35.0,-1.85,48.9,278.89
211.0,2.2956,2.4164,2.3946,0.102,0.094,0.1,0.6588,0.03125,0.03125,-0.629,140.3,35.0,-119.0,2.32,280.17
212.0,2.2967,2.416,2.3946,0.102,0.156,0.1,0.1565,0.007813,0.007812,1.019,25.67,37.0,-7.09,23.8,281.36
213.0,2.3035,2.4162,2.431,0.105,0.281,0.1,2.249,0.01563,0.01562,1.026,6.874,32.0,-6.04,1200.0,282.67
214.0,2.3022,2.3907,2.4323,0.109,0.031,0.1,0.7204,0.03125,0.03125,0.842,1.68,33.0,-1.63,329.0,284.07
215.0,2.303,2.3908,2.4003,0.105,0.125,0.1,0.02882,0.0625,0.0625,-48.397,0.6512,34.0,-0.509,1.22,285.38
216.0,2.3009,2.3194,2.4003,0.105,0.031,0.1,0.06154,0.01563,0.01562,1.12,7.113,35.0,-3.22,0.561,286.74
217.0,3.9575,2.399,2.5068,0.102,0.094,0.1,26.27,0.03125,0.03125,0.989,975.1,38.0,-193.0,127.0,288.35
218.0,2.296,2.3987,2.3494,0.094,0.125,0.1,0.2145,0.0625,0.0625,-47.059,6.184,36.0,-4.75,43.2,289.62
219.0,2.2987,2.3986,2.3494,0.094,0.094,0.1,0.06877,0.01563,0.01562,1.051,2.485,35.0,-0.79,75.2,290.89
220.0,2.3046,2.3987,2.3746,0.102,0.062,0.1,0.1107,0.03125,0.03125,1.189,0.9337,34.0,-0.425,9.43,292.34
221.0,2.4244,2.4048,2.3805,0.105,0.031,0.1,12.99,0.0625,0.0625,0.11,151.6,37.0,-49.7,105.0,293.71
222.0,2.297,2.4045,2.543,0.129,0.062,0.1,0.9434,0.01563,0.01562,0.937,6.887,36.0,-5.72,1330.0,294.87
223.0,2.4418,2.3969,2.5505,0.141,0.094,0.1,46.87,0.03125,0.03125,0.628,64.22,36.0,-60.4,6470.0,296.17
224.0,2.3117,2.3978,2.4843,0.121,0.125,0.1,10.55,0.03125,0.03125,0.61,15.78,31.0,-15.3,2570.0,297.32
225.0,2.3034,2.3978,2.452,0.113,0.125,0.1,0.717,0.03125,0.03125,0.962,7.933,36.0,-6.6,260.0,298.55
226.0,3.0797,2.4367,2.5875,0.113,0.062,0.1,48.68,0.0625,0.0625,0.439,329.2,36.0,-315.0,814.0,299.83
227.0,2.3021,2.4368,2.3057,0.121,0.062,0.1,0.02692,0.0625,0.0625,-297.485,2.053,33.0,-1.63,0.0469,301.13
228.0,2.3025,2.437,2.3057,0.121,0.062,0.1,0.02274,0.01563,0.01562,1.102,1.906,36.0,-0.616,0.401,302.69
229.0,2.3014,2.4361,2.3734,0.113,0.125,0.1,0.07701,0.03125,0.03125,-78.682,11.44,36.0,-9.04,1.04,304.12
230.0,2.3035,2.4363,2.3734,0.113,0.094,0.1,0.05096,0.007813,0.007812,1.006,4.428,36.0,-0.2,2.16,305.52
231.0,2.3013,2.4366,2.3312,0.117,0.188,0.1,0.04468,0.01563,0.01562,1.139,5.23,35.0,-2.48,0.105,306.92
232.0,2.3005,2.4368,2.4225,0.125,0.062,0.1,0.06946,0.03125,0.03125,-15.794,5.778,35.0,-3.67,1.54,308.21
233.0,2.3012,2.4367,2.4225,0.125,0.156,0.1,0.1119,0.007812,0.007812,1.131,25.96,37.0,-11.7,0.329,309.51
234.0,2.298,2.4365,2.5017,0.125,0.125,0.1,0.296,0.01563,0.01562,-1.438,40.35,35.0,-21.4,0.963,310.73
235.0,2.3012,2.4364,2.5017,0.125,0.125,0.1,0.4622,0.003906,0.003906,1.113,18.88,38.0,-2.67,259.0,311.92
236.0,2.3027,2.4365,2.502,0.129,0.031,0.1,0.0126,0.007813,0.007812,1.005,1.719,33.0,-0.844,0.343,313.16
237.0,2.3014,2.3536,2.5128,0.133,0.156,0.1,0.08709,0.01563,0.01562,1.074,13.69,35.0,-8.15,0.416,314.41
238.0,2.2914,2.3534,2.8048,0.145,0.125,0.1,0.5241,0.03125,0.03125,-19.212,14.7,35.0,-8.88,198.0,315.6
239.0,2.3606,2.3565,2.8048,0.145,0.062,0.1,12.85,0.007812,0.007812,0.705,1101.0,41.0,-25.5,561.0,316.89
240.0,2.5628,2.3694,2.7465,0.137,0.156,0.1,34.29,0.007812,0.007812,0.86,4037.0,42.0,-39.2,383.0,318.11
241.0,2.3011,2.3632,2.5934,0.129,0.125,0.1,0.05824,0.01563,0.01562,1.213,7.283,35.0,-3.57,0.341,319.31
242.0,4.6279,2.4798,3.0029,0.129,0.062,0.1,68.33,0.03125,0.03125,0.797,2652.0,38.0,-564.0,364.0,320.57
243.0,2.301,2.4728,2.4065,0.125,0.125,0.1,0.1536,0.0625,0.0625,-66.86,18.43,36.0,-16.0,0.231,322.27
244.0,2.3029,2.4723,2.4065,0.125,0.062,0.1,0.03673,0.01563,0.01562,1.052,0.9907,34.0,-0.396,2.54,324.17
245.0,2.2998,2.4721,2.3821,0.113,0.125,0.1,0.1479,0.03125,0.03125,-20.923,16.97,35.0,-12.3,0.28,325.57
246.0,2.3041,2.4334,2.3821,0.113,0.125,0.1,0.5601,0.007813,0.007812,1.152,8.842,37.0,-2.46,167.0,326.61
247.0,2.3044,2.4335,2.37,0.113,0.062,0.1,0.06822,0.01562,0.01562,0.442,14.88,35.0,-10.7,0.424,327.87
248.0,2.3024,2.4335,2.3022,0.125,0.094,0.1,0.006534,0.01563,0.01562,1.02,0.4449,34.0,-0.111,0.116,329.16
249.0,2.3021,2.4335,2.3348,0.125,0.125,0.1,0.01643,0.03125,0.03125,0.919,0.546,34.0,-0.269,0.58,330.43
250.0,2.3026,2.4335,2.3011,0.113,0.219,0.1,0.07666,0.0625,0.0625,1.18,1.032,34.0,-0.897,4.14,331.72
251.0,2.302,2.4335,2.3271,0.145,0.031,0.1,0.03331,0.125,0.125,-7.191,3.732,32.0,-3.73,0.195,332.9
252.0,2.3001,2.4335,2.3271,0.145,0.25,0.1,0.07476,0.03125,0.03125,1.66,5.812,35.0,-3.65,0.127,334.39
253.0,2.4738,2.4421,2.6914,0.121,0.031,0.1,24.72,0.0625,0.0625,0.361,49.34,35.0,-33.4,898.0,335.6
254.0,2.3024,2.4423,2.3504,0.125,0.125,0.1,0.011,0.0625,0.0625,-184.568,0.5143,34.0,-0.389,0.26,336.8
255.0,2.3002,2.4423,2.3504,0.125,0.219,0.1,0.06968,0.01563,0.01562,1.154,8.109,35.0,-3.94,0.112,338.14
256.0,2.299,2.4421,2.5309,0.137,0.031,0.1,0.247,0.03125,0.03125,-55.815,29.55,35.0,-21.7,1.94,339.53
257.0,2.3009,2.4421,2.5309,0.137,0.094,0.1,0.05309,0.007813,0.007812,1.018,8.765,37.0,-2.32,0.202,340.76
258.0,2.3018,2.4426,2.5812,0.117,0.125,0.1,0.0436,0.01563,0.01562,1.023,2.15,35.0,-0.421,57.4,342.24
259.0,3.1173,2.4804,2.5384,0.113,0.156,0.1,26.03,0.03125,0.03125,0.81,891.6,38.0,-124.0,325.0,343.57
260.0,2.3012,2.4674,2.3273,0.117,0.125,0.1,0.05763,0.0625,0.0625,-233.712,4.934,32.0,-4.03,0.268,345.11
261.0,2.3027,2.4674,2.3273,0.117,0.094,0.1,0.01908,0.01563,0.01562,1.033,0.7599,34.0,-0.0951,0.82,346.43
262.0,2.3018,2.3511,2.3088,0.129,0.062,0.1,0.03504,0.03125,0.03125,0.841,3.202,33.0,-2.21,0.978,347.65
263.0,2.2991,2.351,2.487,0.129,0.094,0.1,0.1161,0.0625,0.0625,-333.185,2.961,33.0,-2.45,24.4,349.05
264.0,2.4675,2.3593,2.487,0.129,0.062,0.1,32.63,0.01562,0.01562,0.723,598.1,39.0,-53.9,5940.0,350.21
265.0,2.3006,2.3593,2.39,0.137,0.062,0.1,0.07158,0.01563,0.01562,1.067,7.082,35.0,-2.56,0.174,351.58
266.0,2.3489,2.3615,2.4326,0.113,0.031,0.1,13.77,0.03125,0.03125,0.618,63.6,36.0,-60.8,2180.0,352.89
267.0,2.3027,2.3615,2.3715,0.125,0.125,0.1,0.07266,0.03125,0.03125,-0.121,3.76,36.0,-2.7,5.2,354.38
268.0,2.7183,2.3823,2.3715,0.125,0.094,0.1,31.81,0.007813,0.007812,1.043,3102.0,40.0,-106.0,2350.0,355.78
269.0,2.2999,2.3821,2.3429,0.121,0.125,0.1,0.1216,0.01562,0.01562,1.098,17.26,35.0,-9.61,17.1,357.07
270.0,2.2854,2.3813,2.4876,0.133,0.094,0.1,4.002,0.03125,0.03125,0.128,998.8,36.0,-871.0,5.04,358.41
271.0,2.9012,2.4112,2.7458,0.098,0.156,0.1,44.73,0.007812,0.007812,0.988,5154.0,41.0,-104.0,1090.0,359.63
272.0,2.3011,2.4113,2.6318,0.105,0.062,0.1,0.1964,0.01563,0.01562,1.061,2.234,36.0,-1.22,271.0,360.78
273.0,2.5742,2.4163,2.6499,0.105,0.094,0.1,24.53,0.03125,0.03125,0.781,88.26,37.0,-42.7,919.0,362.12
274.0,2.3027,2.4163,2.4012,0.113,0.156,0.1,0.3059,0.0625,0.0625,-14.507,79.7,36.0,-74.9,5.18,363.76
275.0,2.3026,2.4165,2.4012,0.113,0.156,0.1,3.288,0.01563,0.01562,0.881,13.93,31.0,-13.5,1830.0,365.23
276.0,2.2952,2.4163,2.4163,0.121,0.094,0.1,0.2632,0.03125,0.03125,-5.833,38.55,35.0,-30.6,98.5,366.54
277.0,2.301,2.4163,2.4163,0.121,0.094,0.1,0.08586,0.007813,0.007812,1.065,6.322,35.0,-3.44,114.0,367.93
278.0,2.3009,2.4162,2.4475,0.117,0.125,0.1,0.06275,0.01563,0.01562,1.009,6.29,35.0,-2.3,0.214,369.06
279.0,2.5697,2.3888,2.5728,0.109,0.25,0.1,16.84,0.03125,0.03125,0.71,258.6,37.0,-109.0,318.0,370.56
280.0,2.3505,2.3913,2.5763,0.121,0.0,0.1,33.57,0.03125,0.03125,0.321,41.17,36.0,-35.7,13800.0,371.8
281.0,2.3403,2.3932,2.6675,0.102,0.062,0.1,17.35,0.03125,0.03125,0.538,59.12,36.0,-54.2,3380.0,373.17
282.0,2.4969,2.4029,2.5157,0.105,0.281,0.1,21.75,0.03125,0.03125,0.555,164.0,37.0,-53.9,4420.0,374.45
283.0,2.3008,2.403,2.5257,0.145,0.125,0.1,0.1416,0.03125,0.03125,-82.252,21.59,36.0,-17.7,0.439,375.61
284.0,2.6334,2.4113,2.5257,0.145,0.156,0.1,32.63,0.007813,0.007812,0.977,3225.0,41.0,-66.5,987.0,376.85
285.0,2.2989,2.4112,2.4131,0.137,0.312,0.1,0.1026,0.01563,0.01562,1.082,10.27,35.0,-4.64,0.159,378.25
286.0,2.316,2.4096,2.6341,0.117,0.094,0.1,6.6,0.03125,0.03125,0.666,15.07,36.0,-13.3,3700.0,379.63
287.0,4.4426,2.5166,2.5337,0.145,0.031,0.1,46.4,0.03125,0.03125,0.985,2049.0,37.0,-617.0,332.0,381.12
288.0,2.3028,2.4958,2.314,0.129,0.219,0.1,0.02256,0.0625,0.0625,-206.317,1.637,33.0,-1.48,0.852,382.34
289.0,2.2984,2.4957,2.314,0.129,0.062,0.1,1.651,0.01563,0.01562,0.764,4.364,32.0,-3.53,1020.0,383.78
290.0,2.2969,2.4963,2.322,0.137,0.062,0.1,0.2319,0.03125,0.03125,-20.421,18.06,35.0,-10.7,0.407,384.96
291.0,2.3423,2.4684,2.322,0.137,0.062,0.1,16.03,0.007813,0.007812,0.786,81.31,37.0,-24.2,2470.0,386.18
292.0,2.3094,2.4688,2.3108,0.125,0.094,0.1,4.076,0.01563,0.01562,1.015,17.01,36.0,-16.0,1420.0,387.33
293.0,2.3002,2.4551,2.3179,0.121,0.031,0.1,1.067,0.03125,0.03125,0.731,3.63,33.0,-3.09,439.0,388.93
294.0,2.3016,2.455,2.3492,0.117,0.188,0.1,0.03543,0.03125,0.03125,1.429,2.752,36.0,-1.64,0.0862,390.27
295.0,2.2996,2.4549,2.6521,0.117,0.156,0.1,0.1551,0.0625,0.0625,-79.471,14.46,36.0,-12.0,0.718,391.86
296.0,2.3212,2.4562,2.6521,0.117,0.031,0.1,6.245,0.01562,0.01562,1.077,18.84,30.0,-18.8,1500.0,393.35
297.0,2.2992,2.4561,2.5835,0.129,0.188,0.1,0.127,0.03125,0.03125,-14.618,4.052,35.0,-1.97,6.13,394.67
298.0,2.229,2.4525,2.5835,0.129,0.156,0.1,0.08303,0.007812,0.007812,1.026,5.17,38.0,-0.175,71.9,395.91
299.0,2.3612,2.4421,2.5517,0.125,0.031,0.1,15.02,0.01563,0.01562,0.552,107.6,37.0,-48.8,1200.0,397.25
300.0,2.4475,2.4469,2.4395,0.117,0.062,0.1,23.97,0.01562,0.01562,0.475,874.2,41.0,-22.4,1890.0,398.8
301.0,2.2953,2.4447,2.4442,0.125,0.031,0.1,0.1753,0.01563,0.01562,1.211,13.14,37.0,-5.33,90.0,400.25
302.0,2.3102,2.4353,2.5262,0.113,0.281,0.1,0.8851,0.03125,0.03125,0.743,4.536,32.0,-3.92,251.0,401.85
303.0,3.3658,2.4886,2.5969,0.113,0.062,0.1,69.65,0.03125,0.03125,0.824,754.1,35.0,-387.0,2500.0,403.36
304.0,2.3025,2.472,2.3377,0.109,0.156,0.1,0.05627,0.0625,0.0625,-78.796,2.097,33.0,-1.92,9.27,404.63
305.0,2.3011,2.4721,2.3377,0.109,0.156,0.1,0.03342,0.01563,0.01562,1.069,3.236,35.0,-1.14,0.0751,405.7
306.0,2.2952,2.4711,2.4106,0.117,0.125,0.1,3.815,0.03125,0.03125,-0.117,39.16,36.0,-38.0,3040.0,407.15
307.0,2.3037,2.3642,2.4106,0.117,0.094,0.1,0.09003,0.007813,0.007812,1.541,35.11,35.0,-27.3,0.484,408.64
308.0,2.3039,2.3642,2.4751,0.117,0.062,0.1,0.08214,0.01562,0.01562,0.984,2.486,35.0,-0.683,3.03,410.05
309.0,2.3016,2.3644,2.3517,0.117,0.062,0.1,0.08136,0.03125,0.03125,8.155,15.45,36.0,-12.9,0.454,411.36
310.0,3.0339,2.4012,2.757,0.109,0.094,0.1,52.32,0.0625,0.0625,0.424,360.2,35.0,-214.0,1530.0,412.56
311.0,2.3031,2.3993,2.3251,0.121,0.062,0.1,0.04211,0.0625,0.0625,0.918,0.2626,34.0,-0.236,2.73,414.12
312.0,2.3,2.3988,2.3073,0.133,0.156,0.1,0.1581,0.125,0.125,-120.751,15.04,36.0,-13.8,2.41,415.47
313.0,2.3018,2.3989,2.3073,0.133,0.031,0.1,0.06904,0.03125,0.03125,-49.228,7.733,36.0,-5.62,1.66,416.8
314.0,2.3009,2.3988,2.3073,0.133,0.188,0.1,0.04546,0.007813,0.007812,1.013,7.229,37.0,-1.44,0.0984,418.11
315.0,2.3013,2.3989,2.3224,0.145,0.188,0.1,0.07426,0.01562,0.01562,-55.031,13.1,35.0,-8.98,0.364,419.4
316.0,2.2995,2.3978,2.3224,0.145,0.188,0.1,0.1144,0.003906,0.003906,1.008,34.85,38.0,-6.69,0.162,420.57
317.0,2.3012,2.3979,2.3335,0.145,0.094,0.1,0.08483,0.007813,0.007812,1.034,14.3,37.0,-4.76,12.9,421.97
318.0,2.4048,2.4067,2.3503,0.125,0.094,0.1,15.52,0.01562,0.01562,0.466,906.9,39.0,-93.4,150.0,423.35
319.0,2.3011,2.4037,2.3253,0.145,0.125,0.1,0.04989,0.01563,0.01562,1.166,5.868,35.0,-3.66,0.144,424.68
320.0,2.3019,2.3964,2.4704,0.141,0.188,0.1,0.5518,0.03125,0.03125,1.245,1.198,34.0,-0.574,262.0,426.0
321.0,2.2973,2.3965,2.5874,0.113,0.094,0.1,0.2532,0.0625,0.0625,-156.733,3.755,36.0,-2.63,139.0,427.63
322.0,2.3614,2.3991,2.5874,0.113,0.156,0.1,22.41,0.01563,0.01562,0.455,178.5,35.0,-139.0,2390.0,428.84
323.0,3.1996,2.3908,2.547,0.113,0.125,0.1,44.0,0.01563,0.01562,0.966,2554.0,39.0,-177.0,463.0,430.39
324.0,3.2237,2.4369,2.4777,0.125,0.125,0.1,43.55,0.03125,0.03125,0.942,771.3,39.0,-85.9,2700.0,431.61
325.0,2.2974,2.4367,2.3263,0.133,0.094,0.1,0.5454,0.0625,0.0625,-5.18,53.44,36.0,-46.6,103.0,433.05
326.0,3.0055,2.4722,2.3263,0.133,0.094,0.1,43.12,0.01562,0.01562,0.916,2219.0,40.0,-120.0,588.0,434.12
327.0,2.3017,2.4721,2.3019,0.121,0.094,0.1,0.0239,0.03125,0.03125,1.278,1.405,33.0,-0.717,0.513,435.26
328.0,3.4039,2.5271,2.3822,0.125,0.156,0.1,62.5,0.0625,0.0625,0.523,347.0,35.0,-237.0,1270.0,436.57
329.0,2.3029,2.5271,2.4357,0.125,0.062,0.1,0.2241,0.0625,0.0625,0.334,1.622,33.0,-1.18,47.2,437.69
330.0,2.301,2.4905,2.4111,0.113,0.156,0.1,0.07094,0.0625,0.0625,-77.709,5.092,36.0,-3.97,0.522,438.82
331.0,2.2993,2.4903,2.4111,0.113,0.188,0.1,0.1942,0.01563,0.01562,-23.42,18.05,37.0,-6.33,0.865,440.09
332.0,2.3002,2.4903,2.4111,0.113,0.062,0.1,0.07426,0.003906,0.003906,1.006,22.39,38.0,-4.24,0.288,441.54
333.0,2.3018,2.4903,2.4581,0.109,0.062,0.1,0.02613,0.007813,0.007812,1.001,3.475,35.0,-1.37,1.88,442.94
334.0,2.3016,2.4904,2.4717,0.109,0.062,0.1,0.1234,0.01563,0.01562,1.589,21.21,35.0,-17.0,0.188,444.44
335.0,2.6713,2.5089,2.7195,0.113,0.094,0.1,34.46,0.03125,0.03125,0.66,212.4,36.0,-57.1,1330.0,445.84
336.0,2.3012,2.5089,2.3605,0.113,0.188,0.1,0.07076,0.03125,0.03125,-13.298,3.704,35.0,-2.0,2.87,447.05
337.0,2.298,2.5088,2.3605,0.113,0.031,0.1,0.6282,0.007813,0.007812,1.651,200.6,35.0,-144.0,1.88,448.32
338.0,2.4656,2.5118,2.3947,0.105,0.188,0.1,22.27,0.01562,0.01562,0.62,756.9,40.0,-25.3,694.0,449.62
339.0,2.3367,2.5136,2.3658,0.109,0.125,0.1,11.44,0.01563,0.01562,0.653,63.67,36.0,-55.3,1210.0,450.98
340.0,2.303,2.5137,2.3316,0.117,0.094,0.1,0.07088,0.01562,0.01562,0.907,4.128,37.0,-0.78,1.1,452.24
341.0,2.305,2.514,2.3852,0.125,0.094,0.1,0.1237,0.03125,0.03125,0.197,21.32,30.0,-20.5,6.71,453.66
342.0,2.3018,2.5111,2.3002,0.109,0.125,0.1,0.04154,0.007812,0.007812,1.028,6.794,37.0,-1.58,0.475,454.98
343.0,2.3017,2.4662,2.3063,0.117,0.062,0.1,0.0301,0.01563,0.01562,-0.481,4.082,36.0,-2.8,0.458,456.18
344.0,2.3023,2.4201,2.3063,0.117,0.094,0.1,0.01498,0.003906,0.003906,1.001,4.139,37.0,-0.74,0.767,457.49
345.0,2.2979,2.4201,2.3056,0.117,0.062,0.1,1.544,0.007812,0.007812,1.678,770.8,35.0,-573.0,19.7,458.73
346.0,2.3012,2.3849,2.3371,0.113,0.125,0.1,0.04849,0.01562,0.01562,1.094,5.525,35.0,-2.58,5.91,459.91
347.0,2.7708,2.4084,2.3614,0.109,0.125,0.1,43.19,0.03125,0.03125,0.565,378.4,39.0,-41.2,1100.0,461.03
348.0,2.3021,2.3533,2.3172,0.125,0.094,0.1,0.02943,0.03125,0.03125,-0.01,3.505,33.0,-2.63,0.14,462.14
349.0,2.3014,2.3532,2.3172,0.125,0.062,0.1,0.07275,0.007813,0.007812,1.137,17.81,35.0,-8.63,0.42,463.22
350.0,2.2298,2.3496,2.3121,0.109,0.094,0.1,0.1105,0.01562,0.01562,-2.712,60.59,36.0,-57.3,40.0,464.36
351.0,2.3005,2.3497,2.3121,0.109,0.125,0.1,0.06762,0.003906,0.003906,1.009,20.69,37.0,-5.11,0.441,465.45
352.0,2.3012,2.3497,2.3137,0.113,0.031,0.1,0.0605,0.007813,0.007812,1.041,11.29,37.0,-3.87,0.222,466.58
353.0,2.304,2.3499,2.312,0.117,0.156,0.1,0.0225,0.01563,0.01562,0.207,35.94,30.0,-35.4,0.539,467.93
354.0,2.3031,2.3499,2.3243,0.117,0.062,0.1,0.08225,0.003906,0.003906,0.974,18.89,38.0,-1.4,22.0,469.7
355.0,2.3008,2.3314,2.3242,0.129,0.094,0.1,0.1584,0.007813,0.007812,0.993,27.4,37.0,-8.57,4.64,470.97
356.0,2.3009,2.3314,2.355,0.113,0.125,0.1,0.04357,0.01563,0.01562,1.116,4.176,36.0,-3.05,0.709,472.48
357.0,2.3572,2.3343,2.3789,0.117,0.094,0.1,18.8,0.03125,0.03125,0.436,72.34,36.0,-64.1,1780.0,473.78
358.0,2.4312,2.3326,2.3427,0.098,0.062,0.1,20.95,0.03125,0.03125,0.259,375.8,38.0,-49.7,331.0,475.05
359.0,3.4709,2.3893,2.3616,0.117,0.0,0.1,66.62,0.03125,0.03125,0.845,1173.0,38.0,-161.0,9360.0,476.44
360.0,2.3026,2.3893,2.3016,0.117,0.156,0.1,0.01227,0.0625,0.0625,-356.525,0.8921,34.0,-0.829,0.504,477.62
361.0,2.3011,2.3891,2.3016,0.117,0.062,0.1,0.04396,0.01562,0.01562,1.191,4.946,35.0,-2.26,0.189,479.11
362.0,2.2982,2.3889,2.3767,0.125,0.062,0.1,0.6209,0.03125,0.03125,-0.117,7.558,32.0,-7.5,587.0,480.25
363.0,2.8194,2.4148,2.3767,0.125,0.094,0.1,34.74,0.007812,0.007812,0.96,4120.0,40.0,-474.0,512.0,481.54
364.0,2.3022,2.4148,2.3255,0.125,0.094,0.1,0.05742,0.01563,0.01562,1.006,3.484,35.0,-0.979,3.2,482.86
365.0,2.3031,2.4151,2.3054,0.121,0.0,0.1,0.08487,0.03125,0.03125,7.743,1.228,34.0,-1.23,11.0,484.18
366.0,2.3018,2.4151,2.3984,0.109,0.062,0.1,0.1171,0.0625,0.0625,-100.278,5.905,36.0,-4.52,8.07,485.56
367.0,2.2962,2.3914,2.3984,0.109,0.094,0.1,0.2203,0.01563,0.01562,0.734,11.25,35.0,-5.44,89.7,487.0
368.0,2.3021,2.3914,2.4365,0.109,0.0,0.1,0.03161,0.01563,0.01562,0.546,1.632,33.0,-0.665,2.76,488.4
369.0,2.5523,2.4039,2.5208,0.109,0.125,0.1,36.04,0.01562,0.01562,0.546,1704.0,38.0,-218.0,2100.0,489.74
370.0,2.2982,2.4073,2.3982,0.102,0.125,0.1,0.1491,0.01562,0.01562,1.197,6.832,35.0,-3.65,173.0,491.14
371.0,2.4972,2.4172,2.4161,0.102,0.094,0.1,22.33,0.03125,0.03125,0.352,457.1,38.0,-110.0,408.0,492.4
372.0,2.3083,2.4175,2.3272,0.109,0.125,0.1,0.8652,0.03125,0.03125,1.23,1.019,34.0,-0.599,165.0,493.71
373.0,2.3011,2.4174,2.3386,0.125,0.094,0.1,0.1118,0.0625,0.0625,-228.045,13.66,36.0,-11.9,0.132,494.95
374.0,2.3004,2.4173,2.3386,0.125,0.062,0.1,0.1829,0.01562,0.01562,-4.228,31.98,35.0,-20.9,2.36,496.21
375.0,2.4383,2.4241,2.3386,0.125,0.125,0.1,24.78,0.003906,0.003906,0.938,5254.0,41.0,-119.0,3210.0,497.48
376.0,2.2993,2.4241,2.3182,0.117,0.094,0.1,0.1178,0.007813,0.007812,1.02,21.2,37.0,-7.67,4.45,498.81
377.0,2.3028,2.4213,2.3572,0.125,0.125,0.1,1.237,0.01563,0.01562,-6.464,33.63,35.0,-20.7,417.0,500.54
378.0,2.3017,2.4149,2.3572,0.125,0.125,0.1,0.1283,0.003906,0.003906,1.036,17.44,39.0,-0.786,33.3,502.08
379.0,2.2997,2.3563,2.3337,0.113,0.156,0.1,0.1008,0.007813,0.007812,1.024,17.54,35.0,-7.84,0.292,503.32
380.0,2.3019,2.3563,2.3742,0.125,0.156,0.1,0.0684,0.01562,0.01562,-7.833,29.46,30.0,-28.6,39.8,504.43
381.0,2.295,2.356,2.3742,0.125,0.188,0.1,0.2418,0.003906,0.003906,1.013,69.46,36.0,-17.3,122.0,505.82
382.0,2.3006,2.3561,2.4201,0.129,0.094,0.1,0.1579,0.007812,0.007812,0.861,29.91,37.0,-12.0,1.77,507.21
383.0,2.2984,2.33,2.4722,0.129,0.125,0.1,0.1754,0.01563,0.01562,0.304,21.09,35.0,-10.8,1.94,508.72
384.0,2.2877,2.3293,2.8427,0.121,0.125,0.1,1.082,0.01563,0.01562,-7.389,146.1,35.0,-87.1,318.0,509.94
385.0,2.7204,2.3502,2.8427,0.121,0.094,0.1,80.83,0.003906,0.003906,0.938,11680.0,44.0,-82.6,9660.0,511.3
386.0,2.6595,2.368,2.6943,0.117,0.062,0.1,28.79,0.007812,0.007812,1.057,2658.0,39.0,-280.0,1750.0,512.77
387.0,2.3556,2.371,2.5793,0.117,0.125,0.1,29.15,0.01562,0.01562,0.457,224.4,35.0,-164.0,4050.0,514.22
388.0,2.3011,2.371,2.5917,0.113,0.031,0.1,0.5502,0.01563,0.01562,1.055,5.939,37.0,-1.6,218.0,515.46
389.0,2.7512,2.3809,2.7323,0.109,0.062,0.1,35.0,0.03125,0.03125,0.769,230.0,38.0,-31.9,1260.0,516.71
390.0,2.305,2.3813,2.4149,0.109,0.125,0.1,1.627,0.0625,0.0625,-141.499,12.26,36.0,-9.45,491.0,518.03
391.0,2.2992,2.3714,2.4149,0.109,0.125,0.1,0.1675,0.01563,0.01562,-2.513,23.15,35.0,-12.8,0.719,519.41
392.0,2.3017,2.371,2.4149,0.109,0.094,0.1,0.07205,0.003906,0.003906,1.012,14.31,38.0,-1.36,8.25,520.77
393.0,2.2968,2.3708,2.4097,0.105,0.094,0.1,0.1385,0.007812,0.007812,1.066,25.23,37.0,-11.0,16.6,522.31
394.0,2.6644,2.389,2.4987,0.105,0.031,0.1,33.11,0.01562,0.01562,1.028,684.9,39.0,-55.8,3440.0,523.39
395.0,2.3034,2.3823,2.3324,0.117,0.031,0.1,0.03514,0.03125,0.03125,1.03,0.4321,34.0,-0.383,1.86,524.63
396.0,3.2009,2.4273,2.3003,0.105,0.031,0.1,26.04,0.0625,0.0625,0.571,399.8,38.0,-79.9,148.0,525.9
397.0,2.3016,2.4273,2.2957,0.105,0.125,0.1,0.06463,0.0625,0.0625,-185.362,3.556,33.0,-2.96,15.8,526.99
398.0,2.3986,2.4321,2.2957,0.105,0.094,0.1,24.36,0.01563,0.01562,0.418,394.7,40.0,-16.3,1260.0,528.49
399.0,2.3004,2.4322,2.301,0.117,0.219,0.1,0.0525,0.01563,0.01562,1.104,4.953,35.0,-1.7,0.455,529.78
