step,loss,probe_loss,probe_accuracy,wall_clock_s
0,2.3026,2.3026,0.094,0.48
1,2.3038,2.2977,0.141,0.9
2,2.3118,2.2977,0.141,1.29
3,2.3031,2.3068,0.094,1.68
4,2.307,2.3068,0.094,2.1
5,2.304,2.3038,0.098,2.49
6,2.3023,2.3014,0.148,2.87
7,2.3024,2.3069,0.094,3.25
8,2.3001,2.3026,0.117,3.66
9,2.3121,2.3073,0.094,4.06
10,2.3071,2.3006,0.145,4.43
11,2.3092,2.2996,0.145,4.82
12,2.3058,2.2996,0.145,5.19
13,2.2998,2.3,0.137,5.58
14,2.2553,2.3188,0.059,6.0
15,2.3339,2.3188,0.059,6.38
16,2.3004,2.3057,0.059,6.76
17,2.2866,2.3057,0.059,7.14
18,2.305,2.3155,0.059,7.52
19,2.2832,2.3176,0.059,7.91
20,2.299,2.3176,0.059,8.28
21,2.3052,2.3229,0.059,8.67
22,2.3308,2.3137,0.059,9.04
23,2.3034,2.3013,0.137,9.42
24,2.2944,2.3013,0.137,9.8
25,2.2829,2.3057,0.066,10.19
26,2.2841,2.3057,0.066,10.57
27,2.2808,2.3112,0.059,10.95
28,2.2499,2.3276,0.059,11.33
29,2.2904,2.3276,0.059,11.71
30,2.2824,2.3233,0.059,12.09
31,2.2748,2.3331,0.059,12.5
32,2.3911,2.3881,0.059,12.87
33,2.2849,2.3387,0.059,13.25
34,2.2755,2.3387,0.059,13.63
35,2.3416,2.3636,0.062,14.01
36,2.2901,2.3281,0.062,14.44
37,2.3191,2.3655,0.059,14.82
38,2.3149,2.3147,0.055,15.19
39,2.2918,2.3,0.141,15.57
40,2.2984,2.3,0.141,15.95
41,2.3121,2.3144,0.062,16.33
42,2.2971,2.3035,0.062,16.7
43,2.2882,2.3035,0.062,17.07
44,2.29,2.3035,0.062,17.45
45,2.3189,2.3089,0.062,17.82
46,2.3019,2.3021,0.062,18.2
47,2.3173,2.3104,0.062,18.57
48,2.3019,2.3023,0.062,18.94
49,2.3003,2.3023,0.062,19.32
50,2.3028,2.299,0.141,19.69
51,2.2962,2.299,0.137,20.07
52,2.3038,2.299,0.137,20.44
53,2.3114,2.3219,0.062,20.82
54,2.2909,2.3177,0.062,21.2
55,2.2953,2.3177,0.062,21.58
56,2.3685,2.3177,0.062,21.96
57,2.2955,2.3079,0.062,22.33
58,2.301,2.3068,0.062,22.71
59,2.2948,2.3068,0.062,23.09
60,2.2993,2.3154,0.062,23.47
61,2.3077,2.3094,0.062,23.85
62,2.2785,2.3256,0.066,24.23
63,2.3054,2.3256,0.066,24.61
64,2.3046,2.3179,0.066,25.0
65,2.2942,2.3122,0.059,25.38
66,2.2931,2.3094,0.059,25.76
67,2.3073,2.3094,0.059,26.13
68,2.3128,2.3047,0.059,26.51
69,2.2924,2.3064,0.066,26.89
70,2.3178,2.3064,0.066,27.26
71,2.3089,2.2998,0.145,27.64
72,2.3009,2.2983,0.141,28.01
73,2.3069,2.2974,0.137,28.39
74,2.3039,2.2974,0.137,28.76
75,2.2979,2.3021,0.059,29.13
76,2.2912,2.3021,0.059,29.51
77,2.2937,2.3178,0.059,29.89
78,2.2864,2.3184,0.059,30.26
79,2.28,2.3184,0.059,30.63
80,2.3097,2.3451,0.059,31.0
81,2.2562,2.3255,0.059,31.37
82,2.298,2.3255,0.059,31.75
83,2.3189,2.3138,0.059,32.13
84,2.3049,2.3032,0.059,32.51
85,2.3026,2.2977,0.137,32.88
86,2.3059,2.2977,0.137,33.27
87,2.2982,2.2967,0.137,33.66
88,2.291,2.2967,0.137,34.07
89,2.3038,2.2966,0.141,34.45
90,2.3015,2.2979,0.141,34.82
91,2.3023,2.2979,0.141,35.21
92,2.3164,2.3028,0.059,35.58
93,2.3038,2.2981,0.141,35.95
94,2.3096,2.2976,0.129,36.32
95,2.2993,2.2976,0.129,36.7
96,2.3005,2.2965,0.141,37.08
97,2.3024,2.2965,0.141,37.45
98,2.3075,2.2965,0.141,37.82
99,2.3029,2.2963,0.141,38.22
100,2.2968,2.2967,0.141,38.59
101,2.2931,2.2988,0.137,38.97
102,2.3031,2.2988,0.137,39.34
103,2.2897,2.296,0.141,39.72
104,2.2997,2.296,0.141,40.09
105,2.3057,2.3227,0.062,40.47
106,2.369,2.3471,0.062,40.85
107,2.3237,2.3101,0.062,41.22
108,2.3011,2.3008,0.102,41.6
109,2.2931,2.3008,0.102,41.98
110,2.2847,2.2996,0.125,42.35
111,2.299,2.2996,0.125,42.73
112,2.2918,2.2982,0.141,43.1
113,2.3396,2.3114,0.062,43.48
114,2.2984,2.3016,0.07,43.86
115,2.3007,2.3016,0.07,44.23
116,2.3041,2.2987,0.141,44.63
117,2.301,2.2987,0.141,45.0
118,2.3132,2.3029,0.066,45.38
119,2.2987,2.2983,0.117,45.75
120,2.2987,2.2983,0.117,46.14
121,2.2962,2.2983,0.125,46.52
122,2.2936,2.2969,0.09,46.89
123,2.3112,2.2969,0.09,47.27
124,2.3019,2.2989,0.137,47.64
125,2.2834,2.3208,0.062,48.02
126,2.3557,2.3437,0.062,48.39
127,2.313,2.3052,0.062,48.77
128,2.303,2.2969,0.086,49.15
129,2.299,2.2969,0.086,49.52
130,2.2962,2.2975,0.102,49.9
131,2.3054,2.2975,0.102,50.27
132,2.2895,2.3008,0.102,50.64
133,2.3025,2.3457,0.062,51.02
134,2.2803,2.3289,0.066,51.4
135,2.3252,2.3289,0.066,51.77
136,2.303,2.3107,0.062,52.15
137,2.301,2.3036,0.078,52.52
138,2.2968,2.2992,0.121,52.9
139,2.2938,2.2992,0.121,53.27
140,2.3184,2.2959,0.094,53.64
141,2.3046,2.3009,0.102,54.02
142,2.3078,2.2965,0.098,54.39
143,2.3017,2.2965,0.098,54.77
144,2.3092,2.2981,0.117,55.14
145,2.3041,2.2949,0.109,55.51
146,2.301,2.2949,0.109,55.89
147,2.2924,2.2948,0.098,56.26
148,2.3112,2.3481,0.066,56.64
149,2.2924,2.3222,0.062,57.02
150,2.3037,2.3744,0.055,57.39
151,2.3804,2.3094,0.078,57.75
152,2.2997,2.2978,0.102,58.13
153,2.3012,2.2978,0.102,58.51
154,2.3009,2.2951,0.109,58.88
155,2.3054,2.2951,0.109,59.26
156,2.2899,2.2974,0.098,59.63
157,2.3039,2.2975,0.102,60.01
158,2.3096,2.2975,0.102,60.39
159,2.2963,2.2952,0.102,60.77
160,2.2587,2.3269,0.047,61.17
161,2.2814,2.3269,0.047,61.55
162,2.2579,2.3573,0.051,61.92
163,2.3825,2.3693,0.062,62.3
164,2.3003,2.3098,0.062,62.67
165,2.3206,2.3098,0.062,63.05
166,2.299,2.3005,0.117,63.44
167,2.3003,2.3005,0.117,63.82
168,2.3067,2.298,0.113,64.19
169,2.2942,2.298,0.113,64.57
170,2.2983,2.2964,0.09,64.98
171,2.2936,2.3052,0.082,65.36
172,2.2987,2.3052,0.082,65.73
173,2.2975,2.3311,0.062,66.1
174,2.3017,2.3311,0.062,66.47
175,2.2808,2.3214,0.062,66.84
176,2.3493,2.3214,0.062,67.22
177,2.3263,2.314,0.062,67.59
178,2.306,2.3055,0.086,67.96
179,2.2986,2.2998,0.105,68.33
180,2.2736,2.3589,0.062,68.7
181,2.3463,2.3654,0.062,69.08
182,2.2976,2.3343,0.062,69.45
183,2.3043,2.3212,0.062,69.82
184,2.3405,2.3326,0.062,70.19
185,2.3146,2.2969,0.105,70.56
186,2.2999,2.2969,0.105,70.94
187,2.3002,2.2955,0.102,71.31
188,2.3069,2.2958,0.094,71.68
189,2.3018,2.2958,0.094,72.05
190,2.3005,2.2954,0.105,72.43
191,2.2947,2.2958,0.121,72.8
192,2.3031,2.2949,0.137,73.17
193,2.2844,2.2961,0.121,73.54
194,2.2945,2.2974,0.113,73.91
195,2.2982,2.2974,0.113,74.29
196,2.3065,2.3134,0.062,74.67
197,2.3093,2.3065,0.066,75.03
198,2.2848,2.3065,0.066,75.41
199,2.3165,2.3065,0.066,75.78
200,2.3046,2.309,0.062,76.17
201,2.2793,2.3033,0.094,76.54
202,2.417,2.4586,0.062,76.93
203,2.3703,2.3515,0.062,77.31
204,2.3067,2.3193,0.062,77.68
205,2.32,2.3083,0.059,78.06
206,2.3034,2.2982,0.141,78.44
207,2.2974,2.2982,0.141,78.87
208,2.3055,2.3005,0.117,79.26
209,2.2926,2.2956,0.102,79.63
210,2.2976,2.2956,0.102,80.02
211,2.2907,2.2956,0.102,80.39
212,2.308,2.2944,0.098,80.76
213,2.2975,2.2997,0.109,81.14
214,2.3066,2.2955,0.098,81.52
215,2.3046,2.2955,0.098,81.9
216,2.2918,2.2959,0.102,82.28
217,2.3025,2.2959,0.102,82.65
218,2.2964,2.301,0.098,83.03
219,2.2961,2.305,0.059,83.4
220,2.3101,2.305,0.059,83.77
221,2.3138,2.2994,0.109,84.16
222,2.3001,2.2972,0.125,84.53
223,2.2916,2.2972,0.125,84.91
224,2.3046,2.3051,0.062,85.29
225,2.2867,2.2977,0.141,85.65
226,2.2974,2.2977,0.141,86.03
227,2.2838,2.3086,0.062,86.41
228,2.3666,2.3331,0.062,86.79
229,2.3035,2.3092,0.062,87.17
230,2.302,2.3034,0.094,87.54
231,2.2928,2.3034,0.094,87.91
232,2.3577,2.3285,0.062,88.28
233,2.3028,2.3063,0.078,88.65
234,2.2985,2.3032,0.086,89.03
235,2.3208,2.3032,0.086,89.4
236,2.3052,2.3038,0.078,89.77
237,2.3029,2.2963,0.094,90.13
238,2.3014,2.2963,0.094,90.51
239,2.3104,2.2951,0.105,90.89
240,2.3197,2.3396,0.062,91.26
241,2.2959,2.3396,0.062,91.62
242,2.3433,2.3274,0.062,91.99
243,2.3047,2.3077,0.062,92.37
244,2.3108,2.3004,0.113,92.74
245,2.2971,2.2974,0.098,93.12
246,2.2968,2.2974,0.098,93.49
247,2.3027,2.2953,0.098,93.89
248,2.3037,2.2955,0.09,94.27
249,2.3023,2.2947,0.105,94.64
250,2.301,2.2947,0.105,95.01
251,2.3054,2.2958,0.098,95.42
252,2.3033,2.3003,0.094,95.79
253,2.3057,2.3003,0.094,96.17
254,2.3019,2.2977,0.094,96.55
255,2.2974,2.294,0.105,96.93
256,2.3082,2.294,0.105,97.31
257,2.3172,2.2985,0.121,97.69
258,2.2962,2.2971,0.098,98.07
259,2.304,2.2971,0.098,98.45
260,2.3423,2.3395,0.062,98.83
261,2.3064,2.3134,0.059,99.21
262,2.3198,2.3134,0.059,99.58
263,2.2995,2.3005,0.102,99.95
264,2.3038,2.3011,0.105,100.33
265,2.3044,2.3011,0.105,100.7
266,2.3099,2.3201,0.074,101.07
267,2.3179,2.3145,0.082,101.45
268,2.2892,2.2984,0.102,101.82
269,2.3056,2.2901,0.094,102.2
270,2.2915,2.2901,0.094,102.57
271,2.3257,2.3966,0.062,102.95
272,2.3058,2.3316,0.062,103.33
273,2.2677,2.3766,0.062,103.7
274,2.2391,2.3766,0.062,104.08
275,2.3597,2.3378,0.094,104.47
276,2.2998,2.2886,0.094,104.86
277,2.3072,2.2886,0.094,105.23
278,2.2984,2.2881,0.094,105.62
279,2.3085,2.2894,0.102,106.0
280,2.3209,2.2894,0.102,106.38
281,2.2945,2.2905,0.098,106.76
282,2.3023,2.2892,0.094,107.14
283,2.3043,2.2939,0.102,107.52
284,2.3019,2.2939,0.102,107.89
285,2.2935,2.2948,0.098,108.27
286,2.3086,2.2955,0.098,108.64
287,2.307,2.2937,0.094,109.02
288,2.3005,2.2937,0.094,109.4
289,2.3074,2.2943,0.102,109.78
290,2.304,2.2943,0.102,110.16
291,2.3029,2.2929,0.094,110.54
292,2.2933,2.3118,0.062,110.92
293,2.2881,2.3118,0.062,111.3
294,2.2986,2.3048,0.059,111.67
295,2.3105,2.3097,0.062,112.05
296,2.2552,2.2995,0.062,112.43
297,2.3091,2.2995,0.062,112.84
298,2.2965,2.2941,0.09,113.22
299,2.297,2.2998,0.074,113.6
300,2.2692,2.2958,0.094,113.98
301,2.2997,2.2958,0.094,114.36
302,2.3071,2.2958,0.094,114.73
303,2.3029,2.2934,0.098,115.11
304,2.317,2.3,0.059,115.5
305,2.3096,2.2941,0.094,115.89
306,2.3006,2.2923,0.102,116.27
307,2.2669,2.2923,0.102,116.64
308,2.3001,2.2922,0.094,117.02
309,2.2976,2.2924,0.098,117.4
310,2.2854,2.2924,0.098,117.77
311,2.318,2.3296,0.062,118.15
312,2.2749,2.306,0.062,118.53
313,2.358,2.306,0.062,118.91
314,2.3061,2.2922,0.102,119.3
315,2.3094,2.2989,0.062,119.67
316,2.3046,2.2948,0.09,120.05
317,2.3041,2.2923,0.094,120.42
318,2.3066,2.2923,0.094,120.79
319,2.3078,2.2923,0.094,121.17
320,2.308,2.2937,0.094,121.55
321,2.2616,2.3212,0.062,121.93
322,2.3237,2.3212,0.062,122.3
323,2.302,2.3054,0.062,122.67
324,2.3211,2.3,0.062,123.05
325,2.3056,2.2991,0.062,123.43
326,2.2993,2.2948,0.094,123.81
327,2.305,2.2911,0.094,124.19
328,2.2929,2.3066,0.062,124.57
329,2.2913,2.3013,0.062,124.95
330,2.2978,2.3013,0.062,125.32
331,2.2921,2.2977,0.062,125.7
332,2.2958,2.2919,0.094,126.07
333,2.312,2.2919,0.098,126.45
334,2.3009,2.2869,0.098,126.82
335,2.2807,2.2869,0.098,127.21
336,2.2962,2.2853,0.094,127.58
337,2.2965,2.2853,0.094,127.95
338,2.3043,2.2867,0.094,128.33
339,2.2984,2.2867,0.094,128.71
340,2.2837,2.2896,0.094,129.08
341,2.2956,2.2844,0.098,129.46
342,2.3001,2.2865,0.094,129.84
343,2.3012,2.2851,0.094,130.22
344,2.4059,2.2846,0.094,130.6
345,2.2998,2.3007,0.086,130.97
346,2.2964,2.2958,0.086,131.34
347,2.3109,2.2959,0.09,131.71
348,2.3031,2.2959,0.09,132.12
349,2.2995,2.2986,0.086,132.5
350,2.3034,2.2956,0.09,132.88
351,2.296,2.2956,0.09,133.26
352,2.2976,2.2948,0.09,133.63
353,2.3144,2.2953,0.09,134.0
354,2.2978,2.3001,0.109,134.38
355,2.2989,2.2964,0.09,134.77
356,2.3018,2.2963,0.09,135.18
357,2.3004,2.2963,0.09,135.56
358,2.3033,2.2963,0.09,135.94
359,2.3035,2.298,0.09,136.32
360,2.3139,2.3116,0.062,136.69
361,2.3016,2.3025,0.09,137.08
362,2.294,2.3025,0.09,137.45
363,2.2911,2.3048,0.078,137.83
364,2.2992,2.3048,0.078,138.21
365,2.3011,2.3063,0.07,138.58
366,2.2875,2.3063,0.07,138.96
367,2.3223,2.3129,0.062,139.33
368,2.2991,2.3032,0.09,139.71
369,2.3015,2.3002,0.098,140.09
370,2.3033,2.2964,0.086,140.47
371,2.3068,2.2964,0.086,140.84
372,2.2989,2.3034,0.09,141.22
373,2.2865,2.3034,0.09,141.6
374,2.3257,2.3163,0.062,141.97
375,2.2916,2.304,0.086,142.34
376,2.3074,2.304,0.086,142.72
377,2.2966,2.2988,0.086,143.09
378,2.304,2.2969,0.086,143.47
379,2.2951,2.2969,0.086,143.85
380,2.3016,2.2961,0.086,144.22
381,2.3096,2.2959,0.09,144.59
382,2.348,2.3369,0.062,144.96
383,2.301,2.3099,0.062,145.34
384,2.3094,2.3099,0.062,145.72
385,2.2974,2.3019,0.098,146.09
386,2.301,2.3019,0.098,146.47
387,2.2984,2.2973,0.094,146.84
388,2.2927,2.3069,0.078,147.22
389,2.2912,2.3026,0.094,147.6
390,2.3004,2.3017,0.105,147.98
391,2.3031,2.3017,0.105,148.36
392,2.2729,2.3128,0.062,148.73
393,2.433,2.5519,0.062,149.11
394,2.4094,2.398,0.062,149.49
395,2.3044,2.3398,0.062,149.88
396,2.2706,2.3232,0.062,150.26
397,2.3173,2.3232,0.062,150.64
398,2.2921,2.309,0.078,151.02
399,2.3178,2.309,0.078,151.41
